investment_type,initial_amount,monthly_investment,annual_return_rate,years,user_age,risk_level,projected_value
Lumpsum,712965,0,11.65179961,5,34,Medium,1237077.33
SIP,393934,14409,4.0354009,25,31,Low,7446124.19
Lumpsum,902048,0,10.81548271,16,59,Low,4664839.75
Lumpsum,965592,0,7.910423115,27,39,High,7542326.61
Lumpsum,875184,0,12.73617064,19,49,Low,8536928.97
SIP,327428,9230,5.022897038,14,57,High,2243152.23
Lumpsum,329187,0,10.47022494,25,22,Medium,3968018
Lumpsum,700907,0,9.290701789,16,47,High,2903968.04
Lumpsum,893439,0,11.06558078,27,45,High,15195366.84
SIP,92844,18304,4.713389539,15,49,High,4777096.23
Lumpsum,561820,0,10.37982166,22,32,Medium,4933672.67
Lumpsum,175421,0,10.17633047,4,32,Low,258484.67
Lumpsum,132402,0,10.16726104,7,21,Medium,260772.87
Lumpsum,128012,0,10.63836433,16,56,Low,645271.71
SIP,448661,16229,11.44114731,24,57,High,24471997.7
Lumpsum,408929,0,12.854879,22,21,High,5849185.28
SIP,590466,9502,6.968027921,21,55,High,5403169.92
SIP,583695,1545,13.07554351,22,45,High,2336729.92
SIP,473556,5346,9.480812505,21,30,High,4239603.61
Lumpsum,585278,0,4.84764107,8,27,Low,854735.04
SIP,139473,16775,4.644060222,17,59,Low,5196803.07
Lumpsum,993049,0,7.676621506,16,41,High,3242749.54
SIP,488007,4810,12.63386675,27,39,Medium,13141503.99
SIP,854573,8206,11.78449028,23,27,Medium,11563362.52
SIP,427009,10005,12.67476461,10,48,High,2394942.63
SIP,328714,17371,9.689959621,10,59,Low,3495860.45
SIP,236156,13316,8.842188978,27,45,Medium,17692401.14
SIP,178964,19416,5.621977794,2,49,Medium,491974.13
SIP,535303,9436,7.61012029,9,36,Medium,1457128.16
SIP,71813,13984,8.774213028,17,39,High,6541216.17
Lumpsum,37712,0,4.974604726,11,35,Medium,64328.92
Lumpsum,634785,0,6.42673148,10,26,Medium,1183406.37
SIP,935919,11616,10.58047823,22,35,Medium,12055020.04
SIP,777214,5361,12.09229426,25,46,Medium,10238882.26
SIP,122816,8069,14.98182263,17,42,Low,7476339.26
Lumpsum,138778,0,14.26424664,4,43,High,236571.31
SIP,596580,4430,11.06821719,16,28,High,2319206.47
Lumpsum,295977,0,8.633728586,20,54,Low,1550785.32
Lumpsum,145230,0,10.99795101,15,39,Low,694673.55
Lumpsum,728040,0,12.6421678,25,56,High,14278422.81
Lumpsum,816741,0,5.3016981,27,36,Medium,3294879.03
Lumpsum,279114,0,8.508953787,21,50,Medium,1550810.45
SIP,344618,3033,13.23782514,5,27,High,256090.22
SIP,842972,1145,8.222162471,6,34,Medium,106115.66
SIP,161456,15269,10.29059498,17,50,Low,8383527.78
SIP,814449,8832,10.46546297,1,49,Medium,111218.43
SIP,872312,15286,6.029238784,25,39,Medium,10640895.13
Lumpsum,115570,0,7.984589858,19,58,Medium,497415.13
SIP,280846,5494,7.679624176,4,31,High,307560.88
SIP,927888,16152,4.288163794,17,36,Low,4837683.3
Lumpsum,10404,0,4.266109403,9,49,Medium,15152.66
SIP,968447,11426,13.14866748,24,48,High,23013815.62
Lumpsum,713286,0,7.00377891,2,38,Medium,816698.82
SIP,956693,2828,9.698866429,8,30,Low,407909.94
Lumpsum,284907,0,7.285981309,15,53,Medium,818177.98
SIP,683744,10130,14.3474717,7,26,Low,1452067.77
SIP,725460,5805,6.852264348,27,53,Medium,5415566.44
Lumpsum,894574,0,8.72622494,6,39,Low,1477822
Lumpsum,675220,0,13.60003276,1,57,Medium,767050.14
Lumpsum,245365,0,13.26126923,15,43,Low,1588671.03
Lumpsum,352786,0,6.047115596,23,29,Medium,1361398.08
Lumpsum,60612,0,12.82907641,26,51,Medium,1397994.54
Lumpsum,820006,0,9.040055754,7,34,High,1502863.32
Lumpsum,819956,0,9.312657593,29,56,High,10845103.05
Lumpsum,210244,0,5.468279697,25,39,Low,795738.13
SIP,807348,6429,4.886616651,17,22,Medium,2038359.82
SIP,14809,10076,12.00733238,2,56,Low,271804.32
Lumpsum,173273,0,9.461072676,27,59,High,1989494.71
SIP,718690,2389,8.805357729,9,27,Low,391500.28
SIP,154528,12593,12.02459052,29,59,Low,39121256.08
SIP,516964,8274,12.42064189,9,42,High,1631352.03
SIP,459613,18208,5.747989844,13,59,Medium,4209512.82
Lumpsum,917720,0,10.71247664,6,30,Low,1690011.24
SIP,48765,18320,5.488894905,6,27,High,1558007.04
Lumpsum,962320,0,12.26512595,20,48,Medium,9732330.98
SIP,841538,15199,11.22650672,20,49,High,13557783.69
SIP,326076,16876,14.52276083,21,29,Low,27509253.28
SIP,944604,19180,4.75853818,3,58,Medium,740621.81
Lumpsum,853523,0,4.627601933,17,47,Medium,1841627.72
SIP,556237,8214,7.104057822,17,55,High,3238196.5
Lumpsum,211152,0,6.878762521,12,32,High,469128.91
SIP,309888,14832,6.71676679,16,51,High,5088498.78
Lumpsum,710903,0,13.96880039,15,55,Medium,5053589.97
SIP,904751,19297,6.745008198,13,56,Medium,4797528.78
Lumpsum,102193,0,6.991446987,23,45,Low,483559.09
Lumpsum,46187,0,12.35338089,1,41,Medium,51892.66
SIP,515950,19850,8.947138267,17,23,Low,9454134.48
Lumpsum,148311,0,12.54381613,3,50,High,211416.21
SIP,920886,8906,4.719027733,26,37,High,5441186.36
SIP,810921,8287,9.36328313,15,57,Medium,3240689.21
SIP,518153,1892,4.369749602,4,43,High,99039.8
SIP,199089,11222,4.689185238,4,42,High,591219.41
SIP,596165,5675,13.97081199,18,41,Medium,5452155.53
SIP,446341,2933,5.531699082,17,21,Low,989670.4
SIP,322066,18764,9.856627505,19,50,Medium,12465336.54
SIP,628362,12873,8.522051629,11,30,Low,2800480.1
SIP,697409,18674,7.820776589,20,47,Medium,10757581.74
SIP,571419,19024,13.8981668,3,51,Medium,843771.61
SIP,970448,14239,4.240057365,8,24,High,1623995.67
Lumpsum,650053,0,11.30168655,14,57,Medium,2910537.51
Lumpsum,870395,0,14.59733878,26,29,Medium,30078365.32
SIP,641172,6016,10.16185002,1,59,Low,75651.1
SIP,135917,14774,14.30504708,14,43,High,7834919.35
SIP,820717,10752,4.574836672,2,54,Low,269684.11
SIP,309770,18338,8.60672651,29,42,Low,28190299.09
SIP,708168,16585,6.861735701,23,36,High,11092662.48
SIP,491680,8291,12.03903061,4,20,High,508012.09
SIP,981375,1974,14.794268,24,50,High,5297757.27
SIP,291342,5133,6.821830687,27,50,Medium,4763523.77
Lumpsum,947262,0,11.19592062,29,53,High,20561126.51
SIP,549542,4972,6.17907396,19,28,High,2148664.35
Lumpsum,54238,0,10.2186328,6,41,High,97237.5
SIP,11252,14913,9.103257354,25,32,Low,17009643.38
SIP,836196,10105,14.69205863,1,44,Low,129768.08
Lumpsum,874141,0,10.6938,17,37,Medium,4916743.27
SIP,964945,10903,7.844570093,8,31,Low,1449738.64
Lumpsum,495450,0,5.255053634,19,59,Medium,1311040.22
SIP,325826,9987,5.663715116,21,36,Low,4815723.37
SIP,331638,13880,6.478486229,1,34,High,171595.77
Lumpsum,615605,0,6.760633275,5,34,Low,853803.33
SIP,337359,10516,13.35677664,27,34,Medium,33165630.36
Lumpsum,612875,0,10.17345067,16,58,Low,2888039.55
SIP,16949,17701,9.757300025,6,32,High,1723127.67
Lumpsum,773185,0,5.262457591,8,36,Medium,1165390.47
Lumpsum,327537,0,13.46153663,13,51,High,1691581.63
SIP,738913,2591,11.95095734,16,28,High,1483953.55
SIP,672301,12303,4.744351981,3,59,Medium,474971.16
Lumpsum,560222,0,11.78618607,19,39,High,4653018.75
SIP,950890,2312,9.978920391,12,45,High,638173.14
SIP,790722,8314,4.898978803,16,46,Low,2416042.19
SIP,465102,19767,9.041307057,27,40,High,27236871.12
Lumpsum,347889,0,9.331659158,11,37,High,928209.53
Lumpsum,486467,0,5.823519942,10,32,High,856792.03
Lumpsum,366600,0,14.40267962,25,35,High,10594912.72
Lumpsum,325557,0,13.34972909,20,28,Medium,3990586.85
Lumpsum,984304,0,11.35924571,4,31,Low,1513681.04
Lumpsum,893671,0,9.085251171,12,57,High,2537289.93
Lumpsum,314462,0,8.529420957,23,38,High,2066142.87
Lumpsum,260875,0,11.16070814,2,26,Medium,322355.49
Lumpsum,473389,0,9.999750563,24,54,High,4662501.35
SIP,80390,17106,4.685004165,22,37,Medium,7875297.63
Lumpsum,717689,0,9.637529136,19,35,Low,4122511.15
SIP,263490,10017,12.87043979,25,58,Low,21989242.09
SIP,577376,3808,9.051638654,5,23,High,287604.74
SIP,257940,17370,4.571522353,8,44,High,2008714.33
Lumpsum,375340,0,12.64906019,7,51,High,864008.19
Lumpsum,443027,0,6.215001603,14,59,Medium,1030462.6
Lumpsum,518041,0,6.844829184,24,32,High,2537747.16
Lumpsum,327623,0,5.811769888,23,36,High,1201312.22
SIP,226464,12700,7.632365714,3,56,Low,511957.62
Lumpsum,752729,0,12.32426656,18,25,High,6097661.27
Lumpsum,520736,0,9.713244455,16,38,Low,2294893.5
Lumpsum,816395,0,6.253694016,23,32,High,3294679.72
Lumpsum,327267,0,13.65613086,19,45,Low,3725346.71
Lumpsum,660199,0,13.6754004,19,33,High,7539424.94
SIP,898900,1294,13.57636268,18,50,Low,1184832.11
Lumpsum,233777,0,6.626758325,20,23,Medium,843579.27
SIP,869909,10882,8.963632786,16,58,Low,4623804.05
Lumpsum,810820,0,14.83488622,8,27,Low,2451970.31
SIP,15569,3064,12.49213724,28,44,Low,9256814.92
Lumpsum,604124,0,4.298841633,1,32,High,630094.33
Lumpsum,638861,0,4.717250504,17,51,High,1398673.35
SIP,439802,5543,9.103245145,12,57,High,1438808.01
SIP,268090,2007,14.00142226,21,57,Medium,3027766.08
SIP,677375,6445,9.925719777,11,47,Medium,1532170.27
Lumpsum,55002,0,9.475937588,5,49,Low,86491.19
SIP,781954,15749,5.1602107,27,22,Medium,11045580.78
Lumpsum,671614,0,11.22458115,12,47,Low,2407293.75
Lumpsum,944648,0,13.04313477,17,22,Low,7593137.75
SIP,689574,14281,8.184620083,6,53,Low,1321946.81
SIP,508870,2435,12.53173036,1,35,Medium,30958.13
Lumpsum,221791,0,14.60924319,5,41,High,438573.25
Lumpsum,212846,0,6.24143105,25,51,Medium,966970.65
SIP,671450,6084,9.756625943,28,57,Low,10620212.08
SIP,676997,17661,7.158517539,14,27,Low,5080756.86
SIP,687775,14507,12.72139861,5,27,Medium,1207956.02
Lumpsum,34071,0,10.35352702,22,25,Low,297633.41
Lumpsum,592531,0,10.98040659,24,33,Low,7221419.17
Lumpsum,922259,0,12.77705576,27,51,Medium,23703540.31
Lumpsum,904647,0,8.355675199,1,54,Medium,980236.37
Lumpsum,182312,0,14.06599075,18,29,Medium,1948168.16
Lumpsum,267218,0,9.86331754,16,22,Low,1203674.49
SIP,224879,18424,5.737503051,9,31,Low,2596721.03
Lumpsum,373714,0,11.6548903,19,50,High,3035404.7
Lumpsum,436650,0,12.72587485,22,48,High,6090500.51
Lumpsum,341868,0,7.484378448,5,24,Medium,490439.23
SIP,911791,12383,13.42897183,27,44,High,39621483.47
Lumpsum,872129,0,13.9675758,2,50,Low,1132774.2
Lumpsum,563020,0,7.045949361,15,40,High,1563426.23
SIP,655753,5799,14.8187362,7,39,Low,847032.92
Lumpsum,938818,0,5.547826809,4,58,Medium,1165141.28
Lumpsum,427170,0,6.222172352,1,41,Medium,453749.25
Lumpsum,67108,0,6.026473232,13,23,Low,143601.97
Lumpsum,490721,0,13.83388681,20,32,High,6550371.66
Lumpsum,121195,0,11.19721808,22,39,Medium,1251846.25
SIP,899513,15414,5.673147115,7,32,Medium,1585028.46
SIP,46668,12801,8.843557602,15,36,High,4776169.06
SIP,295205,12745,10.76827828,23,55,High,15298178.69
Lumpsum,351396,0,4.918104935,14,52,Low,688181.42
Lumpsum,574037,0,13.70658005,23,20,High,11015611.94
Lumpsum,140560,0,12.83963889,19,34,High,1395191.47
SIP,376824,7540,9.557274509,22,32,High,6740149.53
Lumpsum,157979,0,14.63839277,29,36,Low,8301793.57
Lumpsum,159849,0,8.595370772,24,43,Low,1156595.3
SIP,758589,10078,14.82521351,20,27,Medium,14721244.54
Lumpsum,61745,0,11.34711999,29,46,Low,1394095.29
SIP,380608,11396,10.98138401,24,42,Medium,15920657.54
SIP,101865,18482,5.825503848,18,27,High,7029453.94
SIP,908860,19207,13.70120534,10,27,Medium,4887497.15
Lumpsum,222890,0,8.702386567,9,45,Medium,472326.48
Lumpsum,33624,0,5.784567464,25,32,High,137153.61
Lumpsum,33321,0,4.13868272,8,58,Medium,46090.84
Lumpsum,413704,0,10.15731252,26,56,Low,5117246.67
Lumpsum,819006,0,9.801395843,29,47,Low,12328636.7
Lumpsum,932744,0,11.91288985,10,44,Low,2874508.3
Lumpsum,184293,0,13.79283858,17,35,Low,1657534.85
SIP,937982,7446,4.873472431,2,21,Medium,187304.17
Lumpsum,793415,0,12.04646139,6,37,Medium,1569962.5
SIP,196717,17133,6.061531385,26,36,High,12944598.22
Lumpsum,946766,0,13.43994758,5,49,Medium,1778577.28
Lumpsum,390975,0,13.00969865,28,58,Medium,12005743.49
Lumpsum,193868,0,9.948731305,9,32,Medium,455216.64
SIP,669792,13857,11.81267078,5,51,High,1126035.38
SIP,105257,13155,7.457851245,18,48,Low,5952994.76
SIP,598579,18317,9.182846888,26,49,Medium,23429354.45
SIP,220176,12425,13.03800587,20,37,High,14154092.24
Lumpsum,200471,0,9.051917169,9,32,High,437271.63
SIP,924032,16522,7.935780919,17,40,High,7087361.01
Lumpsum,482930,0,9.43633692,27,49,Low,5511197.51
Lumpsum,846860,0,13.11074178,17,40,Medium,6876652.5
SIP,753091,16883,7.687288521,12,36,High,3974594.77
SIP,528862,6390,5.911377524,7,59,Low,662865.93
SIP,927806,19639,11.83215422,27,38,High,45857355.3
SIP,485774,2607,13.08576034,3,34,High,114189.48
SIP,927559,7573,5.107012264,10,28,High,1182709.87
SIP,645605,18368,6.63861524,2,29,High,470049.35
SIP,149789,6776,5.561691887,25,50,High,4391365.08
SIP,399593,4676,7.827355527,3,42,Low,189051.62
Lumpsum,825131,0,8.953860768,16,49,Medium,3253905.14
SIP,83686,9711,12.23708971,2,52,Medium,262553.89
SIP,77661,9782,11.16262343,28,28,Medium,22551599.3
Lumpsum,578535,0,10.83021424,24,20,Medium,6825363.47
SIP,255121,14997,7.876124413,10,54,Low,2724762.7
Lumpsum,682108,0,13.25592308,6,30,Low,1439523.26
Lumpsum,377257,0,9.184158841,22,53,Low,2607049.18
SIP,276765,7059,14.77015432,26,35,High,25497267.39
Lumpsum,156106,0,10.97556352,11,28,High,490818.07
Lumpsum,268930,0,5.388912157,23,51,High,899336.98
Lumpsum,932630,0,11.43795318,7,34,Medium,1990404.15
Lumpsum,670482,0,7.57614417,27,31,High,4816354.2
SIP,814462,1526,11.54959916,29,52,Medium,4286044.47
Lumpsum,879270,0,4.76605263,15,33,High,1767791.21
SIP,881149,16069,5.923695809,6,27,Medium,1385201.36
Lumpsum,458874,0,13.41310985,20,27,High,5687987.52
Lumpsum,572926,0,6.498975127,27,46,High,3136354.17
Lumpsum,863499,0,13.20745238,9,31,Low,2637163.12
Lumpsum,128033,0,7.072036973,22,20,High,575698.83
SIP,640265,9712,11.07170101,20,59,High,8487230.19
SIP,623157,6797,11.63565631,12,30,Low,2112100.98
Lumpsum,639474,0,9.639202285,19,58,Medium,3674297.9
Lumpsum,831106,0,7.358417444,20,50,Low,3438574.49
SIP,176926,17500,6.33908814,3,36,Low,691884.41
Lumpsum,580559,0,4.3650829,15,52,Medium,1101982.5
Lumpsum,870120,0,7.343410414,2,51,High,1002605.15
Lumpsum,441734,0,11.1847907,21,48,Medium,4093679.78
SIP,383220,18773,14.321353,2,40,High,518156.4
SIP,675627,9357,13.5832493,22,40,High,15310729.26
SIP,231897,7154,12.42671254,3,59,Medium,310195.28
Lumpsum,11062,0,12.67292078,6,42,Low,22633.46
Lumpsum,257736,0,11.31483394,15,25,Medium,1286680.52
SIP,584736,18162,6.863155433,27,41,High,16975531.94
SIP,105462,1213,13.97914534,10,57,Medium,313856.87
SIP,409445,4762,11.37805543,9,56,Medium,889438.69
SIP,460009,14399,10.16484694,1,27,High,181069.69
Lumpsum,780173,0,5.220884161,16,54,Low,1761254.3
SIP,582203,11640,8.917610982,6,30,Medium,1102969.24
Lumpsum,276776,0,9.063940983,9,43,High,604309.06
SIP,638880,6791,13.5101997,27,40,High,22085067.96
Lumpsum,668956,0,10.01313042,4,21,Medium,979886.21
SIP,381923,9783,8.184406039,27,59,Low,11540621.94
SIP,409384,14621,14.74480361,28,38,Medium,70854012.35
SIP,642387,17019,5.217926527,2,58,Low,429547.32
SIP,541849,3720,8.648032711,29,47,Low,5765566.31
Lumpsum,477010,0,4.462271427,4,36,Low,568022.24
SIP,616440,10127,12.13894533,1,25,Low,128518.47
Lumpsum,659324,0,14.09884207,19,38,Medium,8080577.28
Lumpsum,396193,0,7.080410625,26,57,High,2346213.47
Lumpsum,36734,0,13.44175844,25,47,High,859789.16
Lumpsum,933875,0,7.214400535,10,21,High,1874217.4
SIP,36069,19333,14.01847178,21,57,High,29239493.03
Lumpsum,745265,0,12.29358094,15,56,High,4242625.48
Lumpsum,547198,0,12.85397455,27,23,High,14325166.91
Lumpsum,345623,0,4.198072112,22,41,Medium,854113.68
SIP,480951,16525,14.59091393,19,45,Low,20018709.48
SIP,91264,1089,11.99338091,16,55,High,626426.78
SIP,33275,19093,7.352262049,21,32,Medium,11409146.88
SIP,606562,11361,13.12334131,27,51,High,34201185.66
Lumpsum,484665,0,7.096733183,24,36,High,2512297.26
Lumpsum,372920,0,13.60029224,22,55,Low,6165432.46
SIP,201076,1105,5.238384295,4,38,Low,58863.9
Lumpsum,204053,0,11.74054575,2,54,Low,254779.55
Lumpsum,719913,0,9.947683243,25,59,High,7707829.17
Lumpsum,582735,0,5.061879172,13,47,High,1107282
SIP,962033,7082,6.660832111,28,20,High,6919002.35
SIP,922826,18018,4.136444399,1,37,Low,220362.64
Lumpsum,609991,0,9.15644762,17,59,Medium,2704974.14
SIP,872522,19440,7.313917868,13,52,High,5040569.4
SIP,813692,7917,10.58193233,4,31,High,470558.47
SIP,122581,1552,7.269615885,7,27,High,169306.48
SIP,275956,4911,7.299110227,17,43,Medium,1974521.5
SIP,431240,4389,12.17512519,9,35,High,854353.75
Lumpsum,724016,0,4.529571196,4,23,Medium,864380.26
SIP,912580,3430,13.93184495,19,57,High,3810798.93
Lumpsum,954789,0,13.37490262,1,46,Medium,1082491.1
Lumpsum,126421,0,11.34585152,10,28,High,370305.05
SIP,535893,1207,10.52543727,4,35,Low,71655.57
Lumpsum,474374,0,13.81532748,9,31,Low,1520294.23
Lumpsum,82303,0,6.038631975,13,50,Low,176379.93
Lumpsum,168211,0,4.868660784,14,43,Low,327261.19
SIP,197210,9601,6.634611869,10,33,High,1628788.45
SIP,796237,1894,12.74036107,6,44,Low,203210.94
Lumpsum,872557,0,4.381372934,16,53,Medium,1732853.65
SIP,154990,5109,10.41087519,6,22,Low,507955.14
SIP,168518,14258,14.94981268,17,43,Low,13161950.02
SIP,134040,16313,13.41265703,10,28,Low,4080046.8
SIP,678406,16349,9.735902579,18,45,High,9527674.92
Lumpsum,533138,0,4.700050002,27,39,Low,1842492.14
Lumpsum,428034,0,13.14510866,22,59,Medium,6478366.48
SIP,766254,12787,10.58876359,18,29,Low,8216492.9
SIP,800756,2560,5.264262968,3,38,Low,99600.03
Lumpsum,872755,0,5.032430133,20,22,Low,2330025.23
Lumpsum,805543,0,14.00589501,27,43,Medium,27741251.84
SIP,965614,5780,11.36120289,21,24,Low,5950547.67
Lumpsum,550677,0,13.12215479,25,22,Medium,12011262.71
SIP,656465,12894,13.6687679,28,46,Medium,49754220.78
SIP,313571,3356,10.28949587,15,35,Low,1428530.75
Lumpsum,694106,0,9.691909869,15,34,Medium,2779999.84
Lumpsum,132883,0,8.734701514,4,54,High,185755.68
SIP,753246,11181,7.486412466,29,31,Low,13815473.73
SIP,772501,8057,8.780555569,27,45,Low,10585471.23
Lumpsum,927621,0,12.51267621,9,53,Medium,2680301.6
SIP,397952,1661,10.62115774,27,42,Medium,3073191.52
Lumpsum,122221,0,13.81775619,26,50,Low,3536766.14
SIP,809666,16711,8.877180158,19,39,High,9867148.92
Lumpsum,270669,0,10.67798537,24,31,Medium,3089643.73
Lumpsum,769224,0,10.94438308,28,42,Medium,14092945.55
Lumpsum,849873,0,10.50866879,17,23,High,4646136.2
SIP,535134,9946,11.7289715,11,42,High,2656679.76
SIP,545242,13732,6.611768152,25,20,Low,10464303.74
Lumpsum,351383,0,9.636001553,9,44,High,804191.43
SIP,254761,17309,5.146472831,10,21,Low,2708948.77
Lumpsum,842946,0,8.229624604,18,49,High,3499697.38
Lumpsum,884668,0,9.364337755,20,22,Medium,5300231.85
SIP,894011,8005,11.17446686,13,40,Low,2790317.77
SIP,147541,15036,14.45584158,8,44,Low,2692023.91
Lumpsum,957609,0,10.60716173,7,39,Low,1939415.92
SIP,838533,1956,12.17953308,17,41,High,1319459.59
SIP,74323,3071,9.568926654,21,40,Medium,2464849.41
Lumpsum,626210,0,10.97514435,23,52,Low,6869284.86
Lumpsum,199139,0,4.780254377,15,57,Low,401188.11
SIP,190448,13803,6.798307389,20,34,Low,7016818.1
Lumpsum,710947,0,7.980384025,15,34,Low,2249107.64
Lumpsum,964480,0,9.197426905,1,44,Medium,1053187.34
SIP,245659,1955,4.502136201,25,40,High,1081450.54
Lumpsum,399678,0,5.540265073,14,43,Medium,850285.5
Lumpsum,864016,0,7.044957386,5,24,Low,1214375.1
SIP,114537,19096,14.6868596,11,25,Medium,6212275.01
SIP,874909,16282,7.644817078,16,42,Low,6094968.95
Lumpsum,251983,0,9.302451639,2,23,High,301044.74
Lumpsum,576821,0,6.15707484,8,46,High,930320.54
SIP,798260,13003,10.71858078,11,37,High,3252572.65
SIP,11917,11817,7.087515371,29,40,Low,13530573.43
SIP,292762,12171,6.276918363,18,47,Medium,4853905.2
SIP,566542,13582,9.682298913,3,54,High,564748.3
Lumpsum,796275,0,4.060563791,26,41,Low,2241318.72
SIP,377436,18778,4.084304359,1,59,Low,229602.45
SIP,519930,13473,6.4097569,11,42,Medium,2573295.29
Lumpsum,581650,0,4.403934988,16,22,High,1159128.58
SIP,292272,16596,5.188283295,18,59,Low,5908492.87
Lumpsum,395925,0,7.727467143,16,29,Medium,1302675.09
SIP,776641,13765,12.82844248,23,44,High,22944245.4
SIP,724743,14910,10.29253508,10,27,Medium,3105936.39
SIP,599833,12561,9.639344986,18,30,Medium,7240366.82
Lumpsum,92180,0,7.228377055,6,24,Low,140118.38
Lumpsum,622246,0,14.24929091,19,56,Low,7819497.88
SIP,413081,17385,8.367165454,4,57,Low,987055.05
Lumpsum,929723,0,4.958020435,27,48,Medium,3433804.88
Lumpsum,311953,0,10.78773168,13,24,Low,1181628.3
Lumpsum,388892,0,5.252222328,24,28,Medium,1328555.18
Lumpsum,15287,0,7.797454571,14,21,Medium,43736.23
Lumpsum,267665,0,9.581531326,3,20,Low,352211.62
Lumpsum,961891,0,13.61644777,10,59,High,3447767.17
SIP,18512,1013,9.429012384,6,49,High,97575.68
SIP,666702,5599,11.72484643,1,30,High,70918.83
Lumpsum,466292,0,14.92098523,23,47,Medium,11424647.21
SIP,118872,15296,5.446380319,24,31,Medium,9047693.12
SIP,946720,4155,7.022046781,27,58,Medium,3992036.16
SIP,782042,9321,8.340336832,14,45,Low,2952376.23
SIP,103070,4814,8.640109964,8,32,Medium,662712.01
Lumpsum,614055,0,8.521231828,19,27,Low,2903934.75
SIP,632117,4216,13.98372103,14,47,Low,2171998.71
SIP,954118,3113,11.85435909,10,49,High,710018.03
Lumpsum,439474,0,10.68695735,17,28,High,2469294.14
Lumpsum,52078,0,7.403099896,9,58,High,99038.86
SIP,378432,13588,13.06169423,29,50,Low,52765976.11
SIP,617812,4374,14.50566563,6,40,Low,497643.33
SIP,237645,7430,13.03318111,11,53,Low,2162909.97
SIP,546507,12970,4.017216157,25,50,Medium,6684881.69
SIP,796667,1629,11.00041507,7,44,Low,204760.34
SIP,315073,17653,4.562489196,17,31,High,5426511.15
Lumpsum,137309,0,6.833679424,28,20,High,874033.77
SIP,339588,6724,4.654771704,28,41,Low,4632268.88
SIP,673927,12083,10.64174998,1,59,Low,152281.42
Lumpsum,898266,0,11.55248905,22,56,High,9952880.57
Lumpsum,474008,0,5.259364019,5,20,Low,612476.43
Lumpsum,730801,0,8.222227713,9,20,High,1488152.23
Lumpsum,356699,0,9.018601599,18,40,Medium,1687768.27
SIP,345842,6895,8.059583239,24,34,High,6030885.94
SIP,396594,14994,5.331275005,27,36,Medium,10816465.48
SIP,782608,11552,8.608425692,21,41,Low,8144424.53
SIP,670775,17959,12.26295853,2,57,Low,485677.22
SIP,701519,7099,4.78108431,29,54,Medium,5327272.52
SIP,53925,10499,4.881980155,26,35,Low,6578815.83
Lumpsum,147023,0,7.90248421,11,27,Medium,339415.1
SIP,97388,7116,14.35898283,27,36,Low,27461377.47
Lumpsum,542295,0,11.35429911,28,36,High,11016186.62
Lumpsum,267802,0,11.46536952,6,45,Low,513633.78
SIP,445048,10847,7.981119899,26,32,High,11270713.95
Lumpsum,68596,0,10.5302687,8,36,High,152808.88
SIP,917533,19587,4.111443024,4,57,Medium,1020009.86
Lumpsum,958027,0,10.99705651,18,36,Low,6265908.75
SIP,361005,2742,14.04615642,28,33,Medium,11455869.16
Lumpsum,789554,0,10.73830815,11,25,Low,2424703.08
SIP,883172,1619,13.61068453,5,54,High,138084.89
SIP,549812,18658,11.96370361,15,33,High,9289121.53
SIP,532244,18340,5.32614258,28,27,Low,14166058.94
SIP,422498,2939,13.92698638,18,34,Low,2808508.7
SIP,689290,17001,4.730882288,2,46,Medium,427068.9
Lumpsum,927581,0,9.873642198,22,32,Low,7362228.8
Lumpsum,509097,0,5.563508362,11,50,Low,923533.19
Lumpsum,659789,0,4.128772718,26,54,Low,1889054.83
SIP,817043,16360,8.642376861,25,25,Medium,17285423.35
Lumpsum,158056,0,7.245447784,13,24,Low,392406.56
SIP,24060,2058,9.346005432,4,41,High,119226.08
SIP,748345,11724,10.34919875,22,42,Medium,11760255.4
Lumpsum,487272,0,4.481129795,7,44,Medium,662272.13
Lumpsum,528545,0,5.353036246,29,53,High,2397985.78
SIP,839735,10200,10.14506636,11,45,High,2459088.2
Lumpsum,200279,0,7.774840885,22,24,High,1039963.27
SIP,740406,9467,12.02090836,24,45,Low,15733934.12
SIP,694647,3289,11.17520813,4,39,High,197917.71
SIP,49711,2239,13.30164799,28,25,Low,8000464.17
SIP,153026,6370,11.61742109,15,25,Medium,3069184.96
SIP,345484,17170,8.729241851,1,37,Medium,214486.66
Lumpsum,475317,0,11.40263285,23,23,High,5696115.81
Lumpsum,999024,0,7.029192917,3,36,Low,1224849.34
SIP,228134,16398,7.369448487,14,33,High,4798427.33
SIP,112974,7638,12.67883676,6,33,High,817834.24
Lumpsum,159646,0,8.91061468,18,32,Low,742030.59
Lumpsum,412400,0,12.78218375,25,26,High,8343170.92
SIP,160168,10110,13.04664611,1,34,Medium,128844.04
Lumpsum,602016,0,13.43318571,6,38,High,1282474.71
SIP,699376,14605,14.08298759,6,54,Low,1638364.08
Lumpsum,545534,0,8.740837426,21,36,Low,3170063.49
SIP,448774,7294,7.507535002,16,54,Medium,2695146.4
Lumpsum,521937,0,10.40418621,29,38,Low,9208709.47
SIP,421597,13595,8.082896658,5,39,Low,1001079.26
Lumpsum,924228,0,10.61181583,17,55,Medium,5133398.67
Lumpsum,963959,0,11.76144449,10,54,High,2930749
SIP,102263,18275,11.5724552,28,51,Medium,45760138.71
Lumpsum,931522,0,8.120081757,21,59,High,4799840.33
SIP,545590,11225,5.835462219,18,43,Medium,4273767.78
Lumpsum,863938,0,8.735822723,7,36,High,1552712.65
SIP,575445,10206,5.568535585,3,26,Medium,398884.13
Lumpsum,589205,0,13.79106739,13,20,High,3159894.98
SIP,233810,8519,7.804652068,15,54,Medium,2897409.59
Lumpsum,106646,0,5.699057219,20,51,High,323122.23
SIP,355266,5612,4.279925359,19,55,Medium,1969721.62
Lumpsum,820951,0,11.10404625,3,32,Low,1125918.26
SIP,500025,18582,11.00592549,4,25,High,1114242.83
SIP,490703,16552,7.746645832,5,33,Medium,1208190.88
SIP,984323,15646,4.788830777,1,56,High,191928.25
Lumpsum,353054,0,8.505917844,4,34,High,489389.71
SIP,916862,16577,7.423392446,12,23,Medium,3833077.39
Lumpsum,867756,0,11.44832704,28,59,High,18049165.48
SIP,277552,4719,10.66357174,27,35,Medium,8801730.9
Lumpsum,69379,0,8.01053101,24,47,Low,440975.5
SIP,35053,13144,6.396818097,10,35,High,2201053.14
Lumpsum,412662,0,14.86839563,23,23,Low,10004773.26
Lumpsum,666282,0,8.994017833,25,45,High,5737525.6
SIP,108723,5440,11.57101659,21,47,High,5769440.87
Lumpsum,585644,0,5.546082643,29,51,High,2801916.25
Lumpsum,282933,0,9.341486696,26,21,Medium,2884648.79
SIP,894152,15287,4.302903919,20,50,Low,5801857.47
Lumpsum,863088,0,9.560006297,24,22,High,7721545.65
Lumpsum,840460,0,14.60419148,25,27,Medium,25382219.11
Lumpsum,860916,0,8.226273843,13,43,High,2405946.47
SIP,42154,12865,4.428956138,23,34,Medium,6149789.09
Lumpsum,223942,0,4.3405137,14,50,High,405954.29
SIP,274480,4291,8.267854359,23,28,Low,3520748.02
Lumpsum,375821,0,5.760274301,5,58,Low,497271.86
Lumpsum,864211,0,4.25687306,4,21,High,1021030.16
Lumpsum,291173,0,12.31834975,14,27,Medium,1480679.61
SIP,855633,9133,9.043753098,10,26,High,1771744.1
Lumpsum,42265,0,7.181692492,17,58,Medium,137414.09
Lumpsum,375060,0,13.90091501,10,35,High,1378392.43
SIP,253322,8848,5.277528562,26,54,Medium,5898752.11
Lumpsum,184944,0,14.51510712,7,49,Low,477616.95
SIP,580485,7924,7.453633891,16,29,High,2913050.72
SIP,922165,1488,13.7724404,1,57,Low,19027.39
Lumpsum,458396,0,10.63237164,17,37,Low,2554104.15
SIP,164782,16740,13.09378096,21,24,High,22102188.46
Lumpsum,694846,0,14.8241448,29,48,High,38269424.14
SIP,81907,2667,7.172459816,9,58,Medium,403067.61
SIP,925308,5114,14.57249034,6,53,Medium,583137.77
Lumpsum,212967,0,8.284300844,19,42,Low,966177.13
SIP,860867,8761,8.240630952,13,24,Medium,2434755.39
SIP,312775,2000,7.744258147,3,49,Medium,80759.23
SIP,401182,16638,9.955483681,7,25,High,2008945.88
SIP,766892,18772,5.695595475,22,23,Medium,9850367.49
SIP,292247,6450,10.09082634,9,48,Low,1127840.36
Lumpsum,74772,0,9.958752937,22,42,Medium,603663.23
SIP,136108,2367,12.38091994,5,25,Low,195297.28
Lumpsum,24382,0,13.17014958,10,51,High,84021.07
SIP,94291,10013,8.844854853,23,37,Low,8952666.6
Lumpsum,373339,0,7.325665743,17,34,Medium,1241836.47
Lumpsum,669116,0,6.85268387,12,59,High,1482267.67
SIP,292753,5806,6.140862204,23,51,Medium,3506970.41
SIP,157550,3190,4.634123404,16,28,High,905348.33
SIP,242050,10108,7.766927767,3,56,High,408296.54
Lumpsum,442882,0,6.972724613,25,29,Medium,2388440.72
SIP,347827,3875,14.63059124,22,39,Medium,7473561.2
Lumpsum,502313,0,10.13479709,9,25,High,1197554.87
Lumpsum,396858,0,7.820047429,29,22,High,3523069.23
Lumpsum,664618,0,10.38514361,15,30,Medium,2925711.54
SIP,605603,9927,5.531163715,5,36,Low,684325.88
SIP,874266,15437,8.884481241,23,51,Medium,13884556.75
Lumpsum,398349,0,10.88857754,13,23,High,1526835.65
Lumpsum,24153,0,9.37787615,14,23,Medium,84719.6
SIP,610613,12207,8.419566807,20,36,Low,7576873.82
Lumpsum,250773,0,14.93233228,15,38,Medium,2022618.95
SIP,940503,13040,13.68346238,16,24,High,8942151.45
Lumpsum,65318,0,10.85746554,23,51,Medium,699240.58
SIP,404030,7471,10.26315097,13,41,High,2424502.52
Lumpsum,387177,0,10.82726528,17,25,High,2222808.44
SIP,86077,11693,6.214433186,23,54,Medium,7136072.21
Lumpsum,886906,0,8.346515176,8,41,High,1684213.61
SIP,143515,5760,4.434054862,21,20,High,2389830.53
SIP,216988,1011,9.231006412,2,39,Low,26536.62
Lumpsum,869751,0,9.973270424,5,41,Low,1399041.63
Lumpsum,135885,0,6.505247097,6,30,Low,198334.17
SIP,906209,12563,14.60431732,12,32,Low,4860344.88
Lumpsum,551656,0,14.00400072,18,22,High,5837541.83
SIP,680688,12022,11.94357559,22,28,Medium,15293812.64
Lumpsum,198014,0,9.867252916,22,31,High,1569631.63
SIP,101751,17173,13.56966076,1,42,High,219388.37
SIP,240203,14178,5.437175782,17,33,High,4740303.7
SIP,823738,7570,12.69560774,11,52,Medium,2154843.49
SIP,705275,1406,5.373028954,10,37,Low,222739.84
SIP,833651,10206,12.73631729,19,28,High,9714297.4
SIP,221951,5431,7.033443251,14,42,High,1546754.6
Lumpsum,515155,0,13.64799639,26,29,Low,14339839.53
Lumpsum,205716,0,14.38446303,10,38,High,788748.32
Lumpsum,594567,0,5.636755663,15,24,Medium,1353401.4
SIP,325172,13046,9.089431656,28,42,High,20017373.91
SIP,900695,13611,14.79086116,19,49,High,16930027.49
SIP,10126,14076,9.317481796,4,44,Low,814984.29
SIP,848761,17524,13.49902275,2,47,High,479749.86
Lumpsum,37632,0,10.47604674,9,53,High,92250.86
Lumpsum,510315,0,8.128628987,10,44,Medium,1114924.09
SIP,730670,14645,7.143619111,28,29,Low,15614079.42
Lumpsum,119945,0,6.235454002,11,33,Low,233317.01
Lumpsum,327320,0,12.37978011,14,49,Medium,1677285.66
SIP,260869,8151,8.251945575,7,44,High,922537.67
Lumpsum,751426,0,9.624030084,23,33,Low,6218974.67
SIP,508716,10884,9.41558028,15,54,Low,4276536.66
Lumpsum,185399,0,10.35006932,22,53,High,1618470.6
SIP,472120,14467,13.5213486,19,29,High,15236742.62
SIP,144869,17489,14.78813278,22,54,Low,34582837.73
SIP,188954,10873,8.483426294,15,30,High,3927878.43
SIP,679078,13289,13.10270814,28,30,Low,45556246.51
Lumpsum,44560,0,12.40980574,24,40,High,738322.18
SIP,873021,11828,10.30881847,8,40,High,1752976.93
SIP,294260,3137,14.51651858,11,41,Medium,1008803.65
SIP,963748,2286,6.205219671,29,26,High,2218679.32
Lumpsum,142717,0,5.201906313,9,36,Medium,225262.13
SIP,188595,12371,13.39358164,15,21,High,7064398.99
Lumpsum,658373,0,8.830647983,1,31,Low,716511.6
SIP,389862,8052,13.3166574,1,37,Low,102745.11
Lumpsum,815688,0,13.82399226,19,30,High,9549190.09
Lumpsum,504592,0,4.68703353,3,35,High,578920.65
SIP,110158,16600,13.71811239,10,37,Low,4228390.09
Lumpsum,718533,0,8.931509609,8,54,High,1424540.82
SIP,178502,7441,9.614757379,15,45,Medium,2977226.02
SIP,442498,10667,10.89251762,10,35,Medium,2300344.07
SIP,916151,13149,14.19020867,1,25,Medium,168465.77
Lumpsum,990878,0,4.210277039,29,31,Medium,3276620.54
Lumpsum,340388,0,9.245278151,18,32,Medium,1671946.54
SIP,677054,6495,11.56494247,2,23,High,174441.52
SIP,328408,10900,11.94977653,19,58,High,9386785.01
Lumpsum,478276,0,11.61785675,13,21,Medium,1996256.84
SIP,67545,12130,5.478786423,22,45,High,6186943.61
SIP,521411,16222,7.293351472,1,46,High,201304.85
SIP,835656,2300,7.94587078,2,46,Medium,59614.76
Lumpsum,894377,0,12.84880928,29,34,High,29780574.51
Lumpsum,23224,0,7.066358597,16,27,High,69244.54
Lumpsum,50738,0,6.317754603,15,26,High,127180.43
SIP,952654,11617,14.53192821,13,59,Medium,5313653.04
SIP,860163,6752,4.097496136,16,31,High,1827410.3
SIP,190760,10852,14.97602941,17,32,Low,10048195.09
Lumpsum,773978,0,11.44503429,21,36,Low,7533621.24
SIP,476725,18456,13.11316229,29,36,Medium,72475445.15
SIP,673937,4225,7.24081336,29,55,Low,4980836.67
SIP,542358,2316,4.157468054,7,40,Medium,225360.82
SIP,136161,13337,12.1165647,24,27,Low,22526709.06
Lumpsum,542954,0,13.17559057,26,24,Low,13562352.91
Lumpsum,854193,0,12.14523745,17,45,Low,5995566.17
SIP,308512,8227,5.57135316,7,35,Medium,842831.87
Lumpsum,672143,0,12.28770714,13,55,Medium,3032357.91
Lumpsum,576202,0,12.4581506,5,47,High,1036404.88
SIP,211579,6010,11.24394567,26,48,Medium,11130674.12
SIP,662026,17035,12.42727526,17,31,Low,11811678.97
Lumpsum,781253,0,13.30513584,3,56,Low,1136424.23
SIP,514471,10654,10.74964526,7,49,Medium,1326271.19
Lumpsum,339670,0,4.974651854,26,42,Medium,1200197.48
SIP,998339,18633,9.363905906,17,35,Medium,9271151.57
Lumpsum,973269,0,4.854142681,7,33,High,1356225.94
SIP,816388,15996,8.482973341,21,29,Low,11090415.43
Lumpsum,228967,0,8.47817138,1,26,High,248379.21
Lumpsum,842672,0,4.726108286,17,56,High,1847536.26
Lumpsum,393152,0,7.837025874,17,48,Low,1417799.49
SIP,964652,3852,5.220979087,11,22,Low,684987.1
Lumpsum,104270,0,12.89058731,25,34,Medium,2160740.86
Lumpsum,801189,0,14.42456829,27,55,Medium,30461803.11
SIP,553385,8622,4.795481228,29,38,High,6486618.48
SIP,675755,10160,14.50626728,3,32,Medium,454881.69
Lumpsum,157313,0,9.748342593,15,40,Medium,634942.16
Lumpsum,900324,0,7.295222457,29,56,Low,6937931.04
SIP,168768,8421,4.845482828,21,46,Low,3672025.14
SIP,256726,1769,9.506866949,11,48,Medium,409481.65
SIP,866912,18727,12.73967099,26,39,Low,45816508.49
SIP,580451,15114,11.77795125,28,44,Medium,39455561.88
SIP,29816,5358,4.552486126,16,25,Low,1509643.92
Lumpsum,977344,0,4.801920189,25,55,Low,3157028.11
SIP,767907,19733,8.431606109,22,21,Low,15025332.38
Lumpsum,324997,0,7.248195435,28,41,Low,2305680.72
Lumpsum,165989,0,6.556227554,9,51,Medium,293960.41
Lumpsum,631019,0,7.091049488,24,35,High,3266770.52
SIP,686926,11793,12.83831018,24,37,Low,22520753.56
Lumpsum,216524,0,14.22150859,1,24,Medium,247316.98
Lumpsum,597111,0,8.45612964,29,55,Medium,6286718.79
SIP,161878,14031,13.96722102,25,49,Low,37598309.45
Lumpsum,740880,0,7.536452714,22,38,High,3664151.41
Lumpsum,536047,0,9.24080685,16,42,Low,2204759.67
SIP,791452,8843,6.486318976,9,53,Medium,1292382.3
Lumpsum,445165,0,11.04523646,19,32,High,3258515.14
Lumpsum,888806,0,14.76879227,12,48,Medium,4641867.25
Lumpsum,143554,0,10.63842406,19,55,Low,980006.46
SIP,820874,6189,7.935954925,22,41,High,4396836.73
SIP,961223,3472,11.12599191,9,55,Medium,640125.17
SIP,461282,18091,5.352127463,7,28,Medium,1838543.71
Lumpsum,103501,0,13.77524988,14,58,Medium,630396.39
Lumpsum,274223,0,9.533923459,29,38,Low,3846046.75
SIP,930221,4713,8.942847162,19,57,High,2804701.23
Lumpsum,69676,0,10.44451267,19,25,Low,460067.9
Lumpsum,955456,0,10.87262249,2,34,Low,1174517.07
SIP,751804,3475,4.789533868,9,39,Low,468030.24
SIP,183532,4610,11.50878943,13,28,High,1650027.06
Lumpsum,624685,0,6.661248483,15,51,Low,1643467.12
Lumpsum,607135,0,11.85347896,3,23,Low,849637.67
Lumpsum,627895,0,13.04788274,11,37,Low,2419768.32
SIP,230178,9258,12.84354358,21,24,Low,11786570.76
SIP,159521,8979,10.07751064,14,39,Medium,3288157.66
SIP,436752,3428,9.721868815,25,42,Low,4338527.28
SIP,598365,13345,5.571635575,8,30,Medium,1609612.79
Lumpsum,834690,0,12.52880765,18,56,Low,6986700.38
SIP,713662,9533,6.985503185,19,41,High,4513544.43
SIP,267009,6249,9.463649651,16,23,Medium,2788216.97
SIP,956369,10686,7.127015022,2,48,Medium,274767.92
SIP,147717,15109,5.472111993,8,53,Medium,1814719.51
SIP,391915,1661,10.92513467,22,32,Medium,1813926.66
Lumpsum,572288,0,4.597652383,6,28,High,749456.21
Lumpsum,561025,0,12.23509758,12,50,Low,2241436.69
SIP,807917,11060,7.493454748,15,26,Medium,3659998.77
Lumpsum,310709,0,4.001481623,25,23,High,828594.4
SIP,953026,11526,9.622420532,8,38,Medium,1656885.42
SIP,916046,4374,4.515370994,4,49,Low,229635.25
Lumpsum,861587,0,7.037865136,15,50,Medium,2389795.37
Lumpsum,196240,0,11.77674136,28,54,High,4432288.07
SIP,586775,19877,4.689585838,20,40,Low,7883632.15
SIP,926380,1632,13.23272342,25,50,High,3824952.69
SIP,284486,4083,4.042019149,17,38,Low,1194873.58
Lumpsum,312950,0,6.715062561,13,50,Low,728466.12
SIP,320914,11123,12.14994462,18,51,Low,8580872.4
SIP,88623,8123,7.478971647,2,21,Medium,209584.94
SIP,375321,11754,5.120816269,13,29,High,2597706.34
Lumpsum,927458,0,7.962573107,13,21,High,2510997.03
SIP,872061,16901,6.97432615,22,21,High,10520379.08
SIP,917425,1236,13.26983092,15,43,Low,697401.42
Lumpsum,193675,0,7.446827093,20,36,Medium,814602
SIP,923376,5443,12.67825719,29,51,Low,19453622.09
SIP,747334,16463,13.81059359,27,35,High,56867494.87
Lumpsum,640235,0,8.771991615,10,35,Medium,1484260.8
SIP,822831,19752,14.00937458,29,58,Medium,94374169.23
Lumpsum,662465,0,8.150498594,3,50,Medium,838008.68
Lumpsum,226454,0,14.60486258,19,43,High,3018824.36
SIP,119575,14395,4.98218477,3,20,Medium,557706.26
SIP,907336,5895,11.55721193,22,30,Medium,7074966.05
SIP,217606,18396,9.431954445,14,40,Low,6379909.61
SIP,982610,12023,8.26413686,8,23,Low,1628136.14
Lumpsum,515815,0,10.95983067,27,26,Medium,8550079.84
SIP,302822,10715,11.74242801,23,45,Medium,14998048.89
Lumpsum,86218,0,4.047995966,4,31,Low,101049.19
SIP,597518,6782,5.836483976,27,50,Low,5321619.65
SIP,780044,19792,11.84350656,28,36,Low,52360904.09
SIP,346199,17724,11.33023955,20,52,High,16029671.32
Lumpsum,459589,0,14.62652256,11,30,High,2063031.77
SIP,696840,16096,12.37141569,26,47,Low,36744636.32
SIP,488446,19880,14.45849979,11,51,Medium,6367989.42
SIP,472052,6299,11.72794552,27,20,Low,14413490.14
SIP,344402,10917,7.278574295,11,47,High,2198695.1
Lumpsum,49986,0,5.159014145,2,26,Medium,55276.61
SIP,689520,4267,12.6000625,17,21,High,3016130.05
Lumpsum,357739,0,11.08564144,9,43,Medium,921483.65
Lumpsum,635646,0,4.530046136,28,23,High,2197694.38
Lumpsum,482327,0,7.960555125,28,38,Medium,4118742.35
Lumpsum,337073,0,14.52479797,2,45,Medium,442102.57
Lumpsum,607794,0,9.504412603,29,30,Medium,8458111.11
Lumpsum,44911,0,8.760020496,24,59,Medium,336988.8
SIP,883559,1560,9.034695657,15,30,High,592164.54
Lumpsum,435037,0,6.297709964,16,22,High,1155869.3
Lumpsum,740399,0,8.05577888,25,31,Medium,5136482.08
Lumpsum,988039,0,8.067945816,4,22,Medium,1347602.08
SIP,909885,13265,4.575905222,8,46,High,1534282.31
SIP,618746,8629,12.44324391,9,21,Medium,1703355.33
Lumpsum,22175,0,8.581548751,26,35,Medium,188590.78
SIP,915667,8693,13.04397875,26,21,Medium,22528116.75
Lumpsum,326915,0,13.35382801,5,49,Low,611808.92
Lumpsum,509876,0,6.331934602,16,39,Medium,1361708.09
SIP,923589,14716,11.2308883,13,57,Low,5152505.92
Lumpsum,655588,0,9.195099846,7,47,Medium,1213537.06
SIP,621213,8373,13.68172412,26,44,High,24504736.97
SIP,778734,6907,6.373147471,20,51,Low,3336260.95
Lumpsum,76358,0,11.4559452,17,29,Low,482624.77
Lumpsum,420543,0,10.68527334,3,59,Medium,570269.22
SIP,57057,9984,7.248316253,5,52,Medium,719396.44
Lumpsum,278294,0,5.50260994,19,32,Low,770024.79
Lumpsum,800857,0,11.16803737,12,56,High,2853081.89
Lumpsum,264726,0,12.12457204,29,35,High,7313407.15
SIP,288176,9429,7.471900781,27,41,Medium,9800587.72
SIP,536486,15716,11.09315864,7,39,High,1982551.41
Lumpsum,988004,0,8.346439984,28,46,High,9323281.34
SIP,718754,12138,11.84527572,9,35,Medium,2322594.52
SIP,947583,3530,6.191368024,28,53,High,3171664.19
SIP,177292,19344,13.79236503,6,51,Medium,2149074.28
SIP,969378,18432,7.161505561,29,45,Low,21403659.73
SIP,154931,6772,8.045645865,26,44,Medium,7114375.33
Lumpsum,453676,0,4.639011473,17,21,Low,980702.96
Lumpsum,172491,0,5.226634336,16,31,Low,389742.1
Lumpsum,391009,0,9.67448093,23,59,High,3270508.41
SIP,411921,3964,6.943519444,3,28,High,158148.73
SIP,970384,8137,13.19028248,21,31,High,10895790.61
Lumpsum,270910,0,4.161627275,26,45,Medium,782035.91
SIP,33236,17920,8.170034535,4,28,High,1013319.41
Lumpsum,97955,0,7.710801014,10,29,Low,205882.37
Lumpsum,750874,0,4.21260394,5,51,High,922929.03
Lumpsum,637433,0,5.368052389,21,53,High,1911272.23
SIP,680718,13415,8.550069424,22,39,Medium,10386522.92
SIP,240785,12871,9.421510429,10,58,Medium,2550954.57
Lumpsum,104914,0,8.44718722,12,21,Low,277621.41
Lumpsum,899302,0,9.840314463,10,20,Medium,2298916.7
Lumpsum,217990,0,10.54644842,29,55,High,3992414.35
Lumpsum,388387,0,4.109162032,13,43,Medium,655572.98
SIP,548884,13677,9.105046754,11,46,Low,3086415.28
SIP,961076,19268,14.59849165,22,21,High,36973200.19
Lumpsum,666639,0,9.709355081,16,50,Low,2936224.86
Lumpsum,204269,0,11.45296494,8,33,Medium,486334.94
SIP,907928,7610,7.430502437,8,21,Medium,993880.53
SIP,402417,7430,12.51390516,27,48,Low,19825282.85
Lumpsum,990020,0,12.5021363,25,34,High,18821888.72
Lumpsum,148155,0,9.734256524,8,31,Medium,311497.18
Lumpsum,130674,0,14.73615206,13,56,Medium,780356.11
SIP,916739,7488,5.381052362,27,47,High,5446353.46
SIP,791817,4850,4.186424314,2,39,Medium,121191.65
SIP,774757,18073,12.47174033,12,58,Low,5968303
Lumpsum,945275,0,12.87871091,10,43,Medium,3174523.77
Lumpsum,957479,0,5.32227952,12,40,Medium,1783907.2
SIP,973152,13168,6.921411163,11,29,High,2594627.48
SIP,266713,6448,4.193075997,15,33,Low,1612090.08
Lumpsum,451501,0,7.226394719,16,56,High,1378751.44
SIP,553351,10074,12.50456061,17,37,Medium,7045420.37
SIP,77642,7406,9.697565805,26,43,Medium,10374167.35
Lumpsum,100093,0,7.829051525,2,33,High,116379.18
SIP,517606,15083,8.089132244,18,53,High,7312340.11
Lumpsum,227215,0,4.014889883,12,31,High,364404.02
Lumpsum,965103,0,7.297805803,19,41,Low,3679591.8
Lumpsum,717280,0,11.11104616,26,25,Medium,11101377.61
Lumpsum,693889,0,14.71613888,23,55,High,16317513.76
Lumpsum,45954,0,13.3176691,18,55,Medium,436195.02
Lumpsum,37856,0,4.259544611,17,41,Low,76931.42
Lumpsum,536861,0,13.88416665,6,33,Low,1171229.35
SIP,569655,1419,12.61518255,25,35,Low,2975280.13
Lumpsum,505553,0,12.58413736,15,55,Low,2991746.28
Lumpsum,772092,0,9.037953349,3,44,Medium,1000926.36
SIP,896040,16422,8.378058222,6,51,Low,1529520.62
SIP,332918,10700,7.332073017,3,52,Low,429389.65
SIP,33752,6693,4.722643448,29,55,High,4971169.23
Lumpsum,851461,0,6.510588998,1,39,Low,906896.13
SIP,158757,19428,6.712639985,13,37,High,4818619.46
Lumpsum,926714,0,9.324847767,28,57,Low,11247976.48
Lumpsum,323837,0,12.22188847,21,22,Low,3647165.7
Lumpsum,126739,0,9.211908112,26,42,High,1252939.63
Lumpsum,852393,0,4.636288944,14,51,Low,1607653.58
SIP,248009,11837,14.53568781,13,35,Medium,5415967.88
SIP,790316,4716,14.36996751,27,24,Medium,18240150.17
Lumpsum,217980,0,12.63708497,4,23,Low,350866.79
Lumpsum,266609,0,14.90460692,7,40,Medium,705077.56
Lumpsum,398822,0,9.989305661,22,59,High,3239583.94
SIP,346676,5837,14.59045185,10,33,Low,1567019.14
Lumpsum,354138,0,4.831655447,7,58,Low,492742.06
Lumpsum,328277,0,8.022488231,21,50,High,1659732.77
SIP,528271,8993,6.479193948,15,33,High,2724894.25
SIP,333412,6542,6.154163925,15,25,High,1927738.61
Lumpsum,495417,0,5.548832438,4,31,Low,614871.89
SIP,441459,17052,10.84655006,23,35,High,20720053.87
SIP,198456,3385,12.59454041,23,36,High,5432430.45
Lumpsum,565941,0,10.36128239,6,42,Medium,1022519.47
SIP,167729,1671,5.616589805,24,33,Medium,1013048.05
Lumpsum,967456,0,12.92236147,20,26,Low,10995886.69
SIP,949684,9656,10.99550178,26,51,Medium,17088140.05
Lumpsum,238504,0,8.269822767,5,34,Medium,354840.18
Lumpsum,656117,0,11.41543325,20,36,High,5700177.23
Lumpsum,662665,0,6.858954772,12,53,High,1469011.16
SIP,535910,5798,7.797114293,1,24,Medium,72117.07
Lumpsum,583044,0,14.09234427,28,46,Medium,23382095.79
SIP,50809,11749,7.195549562,8,42,Medium,1518950.97
Lumpsum,551013,0,9.16987095,1,59,Low,601540.18
Lumpsum,726756,0,13.79155251,5,33,Low,1386560.23
SIP,61226,1593,11.78493485,22,34,Low,1978542.18
Lumpsum,509512,0,4.684235488,6,52,Medium,670566.93
Lumpsum,615470,0,5.620333487,29,50,Medium,3005283.08
SIP,485781,11636,4.086257498,21,54,Low,4631117.43
Lumpsum,39402,0,10.94013969,3,36,Low,53800.26
Lumpsum,14263,0,8.92440768,15,47,Medium,51414.9
Lumpsum,761883,0,5.47702336,5,38,High,994666.77
Lumpsum,187900,0,14.53727533,28,42,Low,8403080.33
SIP,582212,17955,9.826256963,24,51,Medium,20769072.68
SIP,346326,4631,6.660826235,14,59,Medium,1280124.87
Lumpsum,234137,0,9.506639283,18,32,High,1200599.52
SIP,462268,10312,11.47582366,16,39,Medium,5626306.08
Lumpsum,939168,0,4.838631398,6,54,Medium,1247014.04
SIP,307881,9906,7.021741966,25,24,Low,8052243.1
Lumpsum,373476,0,12.8766204,24,28,Low,6835316.8
Lumpsum,361707,0,9.056313574,14,48,High,1217498.12
Lumpsum,694733,0,10.01234856,27,25,High,9135592.2
Lumpsum,520585,0,8.760976024,24,44,Medium,3907022.94
Lumpsum,701757,0,4.482899369,8,50,Low,996663.33
Lumpsum,400719,0,5.823247578,29,41,High,2068670.92
SIP,489361,8083,8.900958026,7,21,High,937551.31
Lumpsum,111371,0,6.301040119,8,24,High,181581.76
SIP,572997,5940,4.549769315,13,46,Medium,1260580.6
Lumpsum,202192,0,13.2801463,6,44,Low,427254.63
SIP,160322,8788,14.79311782,18,27,High,9341713.32
SIP,31172,3711,12.72457161,2,20,Low,100818.43
SIP,545843,12280,13.39163414,8,39,High,2092928.74
Lumpsum,587564,0,6.661748433,11,42,High,1194402.94
Lumpsum,591780,0,14.56689673,1,51,Low,677983.98
SIP,718362,13089,6.166182749,22,30,Low,7308949.88
Lumpsum,523319,0,14.46572791,29,58,Low,26324204.77
SIP,790298,17749,14.94301223,6,43,Medium,2049167.24
Lumpsum,886031,0,11.82895086,16,30,High,5300501.06
SIP,999859,10866,14.79258105,27,48,Medium,45803136.81
SIP,232320,5531,10.26493758,20,45,Low,4347288.49
Lumpsum,427978,0,6.854959615,12,35,High,948326
SIP,21046,6330,8.806954742,11,54,Medium,1401894.44
Lumpsum,238071,0,10.52917029,29,39,High,4340471.25
SIP,388165,9964,4.803897182,27,22,Medium,6593394.63
SIP,956273,7493,10.84577591,29,20,Low,18156191.49
Lumpsum,718662,0,14.7929562,10,20,Medium,2855466.59
Lumpsum,426366,0,6.091184148,3,36,High,509120.35
Lumpsum,995751,0,12.71854628,13,21,High,4721616.17
SIP,276997,10765,13.98688673,27,48,High,38529878.73
Lumpsum,655188,0,14.38071752,3,39,High,980447.59
SIP,492615,7511,14.56149165,15,25,Low,4808029.63
SIP,425008,12483,9.736056026,16,27,Medium,5721117.4
Lumpsum,593417,0,14.75038699,29,48,Low,32079721.56
Lumpsum,771379,0,12.33041228,13,52,Low,3497304.11
SIP,215550,12824,5.778385799,17,22,Low,4432496.35
SIP,254883,19211,9.245901171,3,54,High,793535.26
Lumpsum,648418,0,11.90164293,20,24,High,6145883.44
Lumpsum,470514,0,6.720743474,11,46,High,962298.51
Lumpsum,959491,0,11.04676702,27,31,Medium,16244289.57
Lumpsum,681210,0,11.33260527,21,39,High,6491586.18
Lumpsum,939616,0,5.789697182,19,39,Medium,2737628.47
SIP,131789,3196,10.21593844,22,28,High,3143900.58
SIP,689418,6978,12.48789602,11,58,High,1959226.98
SIP,710780,18153,9.48785231,28,23,Low,30076140.62
SIP,573178,1780,4.133134285,16,38,Low,483265.06
Lumpsum,76017,0,4.09942316,21,57,Low,176736.2
Lumpsum,188376,0,7.927322784,3,46,Medium,236820.77
Lumpsum,698281,0,14.18813475,22,32,Medium,12932776.15
SIP,509137,4983,6.515444576,6,32,High,437575.58
SIP,666884,10503,10.97800058,14,41,Medium,4153591.21
Lumpsum,634712,0,6.442834578,24,47,High,2840344.78
Lumpsum,811480,0,7.538369886,18,41,Medium,3002063.69
SIP,962615,13232,13.32846299,17,38,Medium,10149470.66
SIP,703264,5583,12.01747586,4,27,Medium,341931.04
Lumpsum,851344,0,5.04939205,23,27,Low,2643361.6
Lumpsum,568296,0,8.715722231,15,45,Medium,1990489.68
SIP,403276,8128,4.3208674,11,45,Low,1370459.62
Lumpsum,740026,0,9.289791613,26,42,Low,7452749.49
Lumpsum,617847,0,11.28677413,3,32,Medium,851552.84
Lumpsum,65337,0,5.30352886,3,47,High,76293.57
SIP,907048,15291,7.177734328,16,28,High,5477081.32
SIP,285494,15036,8.376202881,5,39,High,1115699.39
SIP,34354,12435,14.11484127,21,38,Medium,19077208.42
SIP,55186,1685,14.92580517,29,58,High,9866488.79
SIP,562433,19544,4.494024289,10,31,Low,2954077.43
SIP,437236,13258,12.37108716,19,34,High,12044192.04
SIP,620411,16990,8.08896473,25,50,Medium,16393514.79
Lumpsum,509883,0,8.317040049,4,33,High,701871.6
Lumpsum,740546,0,12.29691471,29,30,Low,21390402.12
Lumpsum,750829,0,14.10269075,29,45,Medium,34444646.56
Lumpsum,554869,0,14.46021454,19,46,High,7221493.39
Lumpsum,623217,0,10.34834845,11,30,Medium,1841041.19
Lumpsum,295195,0,7.928332752,2,57,Medium,343858.63
Lumpsum,585762,0,12.66303994,10,53,Medium,1929904.63
SIP,626036,16997,6.761015216,29,38,High,18297507.85
SIP,135995,15215,10.20481432,11,25,Medium,3682204.39
Lumpsum,255690,0,7.944363077,25,57,High,1728673.39
Lumpsum,341770,0,11.22294181,20,47,Low,2868279.67
SIP,803392,15571,6.644388042,16,20,High,5306188.14
Lumpsum,438988,0,6.107522403,19,54,Low,1354035.2
Lumpsum,949024,0,14.10062995,23,59,High,19719784.55
SIP,190553,17140,5.119840512,24,27,Medium,9673993.73
Lumpsum,570696,0,9.565536985,11,26,High,1558900.93
SIP,890438,13500,6.429380613,14,30,Medium,3663564.42
Lumpsum,269568,0,4.428229597,2,58,Low,293970.78
SIP,329278,12870,4.396207001,23,23,High,6125403.61
SIP,161563,5082,5.927439493,28,44,Medium,4358389.12
SIP,666701,14718,13.5344739,5,31,Low,1252714.95
Lumpsum,709983,0,7.107266184,27,45,Low,4532723.01
SIP,624615,4754,14.45505088,5,57,High,414871.76
Lumpsum,403554,0,10.39784522,19,31,Low,2643339.8
Lumpsum,212503,0,8.802756087,21,56,Medium,1249691.73
Lumpsum,153326,0,10.38097718,12,43,Low,501587.4
Lumpsum,717220,0,9.683682237,18,35,Low,3786245.64
SIP,21344,19037,12.34653879,4,32,Medium,1173998.63
SIP,404966,19450,7.107456726,22,44,Low,12328317.84
Lumpsum,982260,0,7.883554308,17,23,Low,3568335.2
Lumpsum,602245,0,13.83503733,10,30,Low,2200557.63
SIP,115423,6926,14.41102164,20,51,Low,9544612.92
Lumpsum,330197,0,13.8181405,6,26,Medium,717863.78
SIP,474071,10496,8.613927934,25,30,Low,11037764.37
Lumpsum,681256,0,12.58402053,14,47,Medium,3580839.82
Lumpsum,196833,0,9.239693066,11,42,Low,520335.07
SIP,727912,4727,9.472938374,11,42,Low,1091835.85
Lumpsum,785435,0,6.2514812,29,47,Low,4558532.43
SIP,87454,17832,10.50243334,18,45,Low,11344690.26
Lumpsum,267594,0,6.047494875,27,44,Medium,1306133.42
Lumpsum,521897,0,7.64721169,23,48,Medium,2842162.19
Lumpsum,362744,0,13.40533222,22,38,Medium,5774796.59
SIP,919164,12754,6.277833901,18,52,High,5086902.62
Lumpsum,526142,0,4.782741137,24,55,Low,1614570.83
Lumpsum,955439,0,4.759083519,23,33,Low,2783632.14
Lumpsum,47641,0,14.34862973,11,33,Medium,208219.54
Lumpsum,563999,0,9.576124818,21,54,High,3848690.79
SIP,866774,7445,8.50353279,12,49,Low,1853722.99
SIP,379040,15566,12.91966439,5,47,Medium,1303075.83
Lumpsum,677542,0,13.19408521,23,36,Low,11718771.98
SIP,622121,12329,7.654101364,9,22,Low,1908009.68
Lumpsum,328420,0,11.62979863,27,35,Medium,6404620.67
Lumpsum,291685,0,12.48235097,25,49,Medium,5521075.91
Lumpsum,890889,0,11.20115756,9,48,Low,2316367
SIP,485526,15933,5.667545823,22,34,Low,8329914.81
SIP,54813,11473,13.63471392,10,44,Medium,2907866.62
SIP,702558,11805,9.93004008,22,57,Low,11138225.67
SIP,674180,4083,7.10719669,19,57,Low,1960270.44
SIP,296214,18421,8.67751004,1,42,Medium,230059.07
SIP,997272,14944,4.413281994,7,44,Low,1467669.44
SIP,938626,8604,5.406534813,4,26,Low,459898.94
SIP,352703,16379,12.42101426,1,41,High,208132.62
SIP,214615,4983,4.000127982,15,36,Medium,1226281.73
Lumpsum,486657,0,8.582224113,8,37,High,940357.17
SIP,576074,6110,9.747611992,12,29,High,1659231.98
SIP,760294,13087,4.60097862,22,29,High,5960836.34
SIP,765164,18508,14.70385979,22,26,Low,36112161.52
SIP,409953,18081,6.487378644,18,57,Low,7373294.27
SIP,832494,3179,7.346185916,15,46,High,1038511.84
SIP,981741,10596,7.343367635,17,52,High,4279344.79
SIP,848003,6251,6.534583283,29,20,High,6449753.89
SIP,297654,10235,4.016212043,14,53,Low,2302765.53
SIP,291570,19313,12.02279273,14,23,High,8361724.94
SIP,47265,15871,14.6353005,18,36,High,16545008.56
SIP,945354,2013,6.467228316,20,23,Medium,983345.49
Lumpsum,259321,0,11.29351911,18,45,Medium,1779489.54
Lumpsum,76150,0,12.1608596,16,23,Low,477673.53
SIP,621600,8909,13.33267917,1,20,Medium,113689.05
SIP,99613,6588,8.648921167,23,26,Medium,5720250.72
Lumpsum,347054,0,7.332239962,27,49,Medium,2344834.87
