age,retirement_age,income,expenses,savings,investment,inflation,return_rate,readiness_score
53,68,56487,60290,431674,1495183,7.0204783481679645,7.1515562162405555,32.1
39,63,130448,136688,87409,1056195,5.129688542334698,11.274678987660728,42.08
32,62,70138,96661,28248,656045,7.973420825982436,14.236648375496527,100.0
45,56,193895,82954,487376,1636528,3.4625021896948187,14.97518131172675,40.6
43,67,188280,32746,703876,1912392,6.9017393137007925,5.324510767906757,93.47
47,63,74061,77990,951565,827459,6.368508667710782,7.355882282446775,18.85
35,61,181731,68810,684530,700824,6.837494152953527,8.103071157916975,36.32
35,63,121376,128362,13024,1355205,4.537648977452282,8.991261004449662,49.06
48,60,182962,143669,480430,1318014,5.460272446912003,7.422571575847674,10.42
48,60,99134,12659,239864,160528,6.982542598618542,7.034879945553126,19.84
27,65,67055,96516,877379,478011,4.162706658104275,14.545538424175,100.0
46,68,39508,84567,179875,307698,4.130165983943261,14.185216027705179,28.95
26,58,193359,25037,941800,1367642,5.755254766474662,5.469925010031175,100.0
48,64,178056,136498,358973,1334129,5.617817897649279,8.38813021604848,15.87
54,64,130169,22109,884140,734687,4.411312352064664,9.051485536784067,49.6
26,67,28125,32010,878096,756760,4.490378252624113,7.390145346659434,100.0
45,67,56059,18787,416473,308783,4.389225816032828,11.288728969881756,81.27
57,56,123409,149544,148927,1289758,6.857560309992438,11.40380746644241,4.42
36,61,168159,71709,90178,1515419,6.259504327812303,13.50504228328597,100.0
46,59,25704,44518,892553,1864700,7.162085917051264,12.408692683852179,88.2
49,65,131279,63909,521540,1147613,7.87736514157011,10.425733269659556,39.97
51,60,178280,28351,811457,1792776,5.370821481359933,11.5358677004442,82.31
52,56,138516,25282,402674,1768136,3.3334694070272444,7.739887815430181,45.9
40,59,190954,15075,68610,758423,3.240461552060177,10.930561899673577,100.0
39,64,176995,38365,600131,1247063,4.478325196358096,9.892272547499193,100.0
27,58,134044,21002,636525,28074,7.662722946762255,6.333444673163704,16.37
31,63,49165,23947,482177,680909,5.616065274854375,7.4254427658297075,100.0
45,60,87203,104840,710191,1350683,4.358932580400646,7.91693450721586,19.66
33,56,24114,126219,703787,1543248,4.995833972555098,14.24309567052558,100.0
42,55,56321,88610,492025,1810298,5.992975537023354,7.303866393858894,23.6
28,59,93297,62142,659587,766967,6.264748290689211,7.892439028196682,58.61
49,63,116652,66307,436722,586553,3.769597548914525,8.693541300894323,14.59
38,60,119304,145565,10668,26061,7.88515838272588,11.63742738625387,0.87
33,64,176498,60085,227542,1510018,5.723861134913944,6.182383924721405,68.82
50,66,37772,44228,183267,1218458,3.6784415889613964,14.53945212493776,100.0
26,61,123754,53472,864665,463222,7.468176266730668,13.655712200947645,100.0
44,59,23712,59437,160489,647790,3.373192155397144,10.772160730089501,22.19
52,64,152439,69711,349126,1343520,7.538677165887563,11.740378674249568,32.51
31,60,135142,147888,635421,1436912,7.982828281444912,5.16660471244216,19.24
32,59,111736,87175,802183,512175,6.502158995782519,8.389447753484486,25.39
59,65,71924,74307,313362,1315081,6.852236105369949,12.95660230661442,17.07
38,63,23726,56733,918081,641516,4.686514182337432,5.774829737923859,25.92
41,69,109152,138202,798784,216548,7.707884263669669,7.823138342107202,7.79
28,60,47723,105028,739412,1521252,5.648569830541838,10.852968283343113,100.0
26,65,146969,102493,93835,460983,6.661942232987775,7.5641302769894185,32.58
30,62,120494,135149,626781,1873062,7.620538579556397,14.339779741445192,100.0
28,56,160180,18259,820359,478535,7.875899879877542,6.310586308042904,79.31
53,66,55643,138775,701454,506005,7.166021782983372,12.973943579077787,9.53
42,67,182396,24849,106948,710757,4.51508753491015,10.079486919064083,100.0
50,63,123896,91768,190194,1071809,7.832737582760412,12.50330775819956,23.37
58,59,159999,116108,558781,776565,6.140597656217858,8.107153283114474,5.02
34,61,113680,99709,471755,493236,7.653212381759799,10.144896023120388,29.97
38,64,116546,64869,298851,1739004,6.380525129071759,13.568353497231763,100.0
55,67,173515,136888,729174,862159,4.536194809238602,9.668780991231044,10.16
39,55,99973,73095,143368,1935618,4.85012262071408,8.597198619102695,42.1
32,64,83449,127886,161470,1391173,5.7523588855147025,10.36155386252736,100.0
38,59,129834,80910,302986,638423,6.95007420779941,12.17362753036367,38.25
47,66,45537,33567,18261,1477624,4.589912756701675,9.435633454985027,100.0
45,68,97576,45292,81709,380608,5.89865583067096,14.38876975142273,77.85
40,64,127522,84813,625273,227314,4.728124967882008,7.949458240423421,10.07
42,68,42612,107136,373760,547970,7.078847023175536,9.754636061691205,25.42
48,56,26471,61631,979208,1544090,5.333640468839752,12.569276593414415,33.54
50,66,186703,19885,858605,164455,3.383614134264426,11.891210904957582,38.79
49,60,51348,76314,298925,1378880,3.8302626074076818,13.636410524171561,32.35
53,65,21177,75087,280796,758692,3.3055233380981615,14.968091806811088,24.01
39,55,155832,105998,272247,295810,5.496514730071626,9.268583287950896,5.87
25,57,52779,59812,292644,1379537,3.531686486741136,6.111508797833118,66.18
49,59,41636,68643,775692,1674062,3.5706998465481607,5.30415880807968,21.75
31,58,101889,54900,629624,437858,7.705241300191886,12.268769061397716,80.38
33,57,73551,148923,433745,1624694,7.3632753608802775,13.740136713087157,100.0
48,64,162628,26288,642787,1554859,5.2604329840568305,7.2071258594441865,85.23
25,67,178670,82692,678812,544522,7.929026604251029,6.58448037189906,43.37
32,59,162635,148440,840825,591904,3.0009326408533155,5.62205091525691,9.64
48,65,66819,95436,429390,281365,6.069897281366969,13.227029217172063,12.03
35,62,93770,56403,462666,1201058,6.08214088685935,8.113819398925843,76.34
41,65,178038,101170,695796,1793991,5.287215279349441,9.016968927597766,61.54
32,58,178059,19168,314550,726773,4.9847398646714645,10.027501916096124,100.0
59,55,98714,59879,330203,1059627,5.2769156774030375,13.394532342095507,10.66
59,65,44596,69871,676314,1955537,5.074802180398402,11.50833221561485,26.45
57,61,184246,42174,349866,1659782,6.6524623874114965,11.150646298578113,28.49
29,62,84106,147653,780107,88116,3.6767771748664204,6.756720999559107,4.35
52,57,79182,120155,541644,394370,3.9881961029556505,10.131898917098297,4.09
31,60,107163,81853,657416,1287507,3.9025911419621178,12.153810171786553,100.0
33,56,59310,74046,7187,1365477,4.312352925606323,14.732608830304917,100.0
32,61,76088,59678,868675,529385,5.626292093907916,7.014063092133522,32.46
36,69,148803,36649,826530,1441728,3.5560437366910937,5.095433530672267,93.9
58,62,159978,137795,490687,1582138,7.340846476632521,5.753014335984697,7.47
57,60,56914,98668,681585,1791411,4.486807656542362,8.758524651819792,12.61
47,60,130350,99906,663966,236572,3.8126899373435394,13.205446477459871,7.72
48,59,65379,106019,849052,141379,6.378106547991217,5.0714208176824505,4.29
59,62,188722,88002,431044,1639753,3.1904315029965966,9.567305928858403,12.25
46,55,197953,38803,131270,996399,6.099842824370821,8.292306153413946,23.32
51,64,66413,40795,948993,236256,6.490992153382499,5.524817100997276,14.55
59,58,157084,18770,805819,832376,4.074582656933596,9.502362866726173,38.12
25,69,27151,21093,336607,895987,3.2098203672181715,7.547487073367188,100.0
59,58,77716,141265,994336,572422,4.818226794597248,8.518848343470065,4.77
38,57,113747,110311,772286,430539,3.4929711512096824,12.05615304784293,17.06
27,57,187450,27569,925095,1567997,3.5823892483666855,10.215509839109671,100.0
25,58,193724,21190,770791,212834,4.271306157224323,6.246474289928133,46.06
29,65,164539,72824,971020,1539017,4.477339623133797,14.61414540423639,100.0
50,55,182082,52070,358827,1286155,5.649851705107103,11.359107657097383,20.5
38,68,141999,50197,591349,560242,6.391959427515065,12.658684256625316,100.0
51,65,134793,12261,764785,720381,5.963854704350924,5.792131500083708,79.84
33,67,128177,147788,989240,1410679,3.741801686447584,5.470583794600189,27.11
39,65,32289,96795,86257,761287,3.8604301622631323,5.194480503680811,12.6
39,56,196048,38933,66753,1793802,7.393846248964572,6.887940277734445,60.29
50,63,194668,145450,876206,1784363,5.791761575320568,9.144083977184952,18.45
37,64,174243,50583,409303,1325712,7.349689164488445,14.358261334028228,100.0
56,56,106365,122082,429032,536249,4.857732556599371,9.570596592657763,3.47
56,59,134014,95371,28408,546785,6.072000037156619,7.902551053725294,3.13
28,63,195211,121032,129116,435767,5.618317080273053,10.619352535196633,51.76
54,63,199785,52604,660496,1839310,4.595617449102313,6.119345781347892,30.1
47,62,180806,105074,22413,809687,5.349576860167977,11.095058910049833,15.65
39,55,92588,83869,642938,145639,5.51245438413466,10.684319543305033,6.87
53,55,83646,15410,64500,1893855,4.003854873783393,12.919930334057097,67.04
37,63,23654,93375,875946,770177,4.575051861883658,14.866876116170241,100.0
56,67,38743,106055,61358,1761939,6.957048752534877,7.508734717161105,15.59
31,65,68368,147868,71197,1078965,7.578941197270636,10.096564508037606,80.23
46,62,157513,96716,498992,1234171,4.798970467726497,14.088654063190036,45.96
52,64,139735,64245,753149,1444522,4.534861411045091,12.851898844228414,44.86
26,63,175683,53056,228492,333720,3.9759858228594127,9.874063031008076,87.21
30,61,139891,68557,790833,1054846,6.392455843252906,14.453716496147779,100.0
52,57,127971,27543,431070,840351,4.615498508331687,5.572366935168094,23.19
52,57,32149,106038,81240,747463,7.938747695495943,14.30998619712584,6.05
44,56,120102,13828,240595,13358,4.628424010319766,5.505073923828066,8.02
54,59,79189,126656,527710,360679,4.970680233913141,10.473047441146843,3.69
35,66,172747,27087,750423,511110,6.016670981060174,13.904409480010857,100.0
52,66,91031,41337,283466,1311133,7.008421465956525,7.627209435613028,39.84
49,57,62668,146554,904485,217596,5.347593326728168,9.722484989451585,3.87
57,68,164745,75333,11968,1837352,5.113280168944792,8.243288791369666,24.36
25,60,108204,146535,294662,640270,7.978189167974041,14.521439170763514,100.0
51,56,174741,80448,843357,238129,3.0524682056997223,13.236455947530908,6.66
37,66,185140,14648,195920,1850706,7.475326444256229,12.090015113263796,100.0
27,57,160507,140576,903332,338953,3.7457041296986873,10.876269866151087,24.92
30,59,57384,43623,884854,627367,6.929626381044567,13.20591789324148,100.0
32,66,101929,45634,268844,1114381,6.08965779923149,8.922670415235471,100.0
51,65,147959,124598,885214,172421,4.709236427490461,9.475518551060619,5.01
33,65,96153,59334,237076,1266425,7.369374777605092,12.300017210808615,100.0
57,55,95388,78648,28199,871465,3.06453613990496,8.577547632937144,5.16
48,67,51401,32054,442805,248483,4.133453260374618,5.639009420483738,14.92
39,55,139503,80028,168187,1943247,5.83446398124768,5.743346088860715,25.6
56,64,147834,32207,460150,402551,4.75771130024849,6.153628013057038,14.35
56,63,54084,91554,514551,1102617,6.051887476591638,13.696813233436627,14.67
48,61,130641,93276,518942,1876962,3.120550967043334,9.722264257562044,30.33
36,55,125111,62781,714676,280146,3.582294652408563,12.128823693447366,21.11
26,69,187523,71035,10520,1390503,3.635481201092196,8.929093356048933,100.0
27,66,158299,18210,639102,117524,3.946418229580047,7.587109474156345,61.21
41,68,182982,54363,172527,228306,5.296657204002714,8.47192167562212,17.05
26,62,56041,88279,775644,921289,6.760643497717856,12.941823453171835,100.0
26,57,108920,144393,652652,554026,7.527694189644506,11.252161250314382,45.47
52,62,85681,91348,964109,1855711,7.176862651421231,14.37639779957902,36.83
47,69,101571,123816,544243,123776,3.9844393588784177,11.79704778576834,6.67
56,59,147556,133053,180121,190494,5.205752761153162,10.701816317546939,1.37
57,55,46160,76262,674277,202971,3.997057988792675,11.101960089858345,4.92
25,61,37633,144832,992797,939896,4.322359083335954,14.423714394684147,100.0
43,59,37014,77411,476797,1889732,5.517734907559431,12.882009298667061,73.26
26,60,100532,33377,255144,1877307,3.3405451236176127,5.240412373664379,100.0
50,60,69104,48211,69925,287785,4.090871647966366,10.341396961356972,7.26
56,62,192693,13744,374360,1400254,7.676890806535586,11.883384115465649,94.62
30,63,97231,34995,599557,278449,5.330581463292445,12.48698478439155,100.0
56,56,88388,44542,953458,763622,5.226932629889361,7.131421193139367,16.57
28,63,36014,20651,995121,1339502,3.0728357737563945,13.671773544513522,100.0
35,66,112578,109239,308602,1398977,4.236998735291729,14.558431471751637,100.0
41,69,184827,88931,356181,246371,7.331462179910907,7.3671530584486975,10.12
48,65,60390,112112,681473,612251,3.823142141293344,13.826154575172458,23.1
29,64,43711,26715,104977,656275,5.0756246976736055,5.969787625160954,79.53
58,63,111658,71350,510838,1734502,3.071654529335006,5.557068361152452,16.26
30,67,77993,81425,524163,134591,5.391677408352779,6.292238001027494,9.27
46,64,178285,96120,488442,602054,3.105105533631086,5.57741079467036,9.05
35,69,27421,124889,835371,540799,7.0980477653289995,13.45012237155776,100.0
40,64,37727,84637,34345,649104,7.124268837435518,5.59050144458272,11.96
57,61,132418,80194,784976,510981,6.938710941511849,7.716641913636555,7.65
33,55,24358,86917,968817,783720,4.416820344455591,6.037563435358564,18.29
30,61,85108,74200,377251,953681,7.18618609110909,7.954220363137649,59.56
40,64,114018,115848,913298,276909,5.714990663026347,5.905594676009205,7.23
53,59,144457,116022,791086,1210002,4.869040544335013,11.680032507430141,11.27
27,60,183189,70058,498814,1344649,6.126649798521165,6.3332681634257515,63.64
44,64,51910,72068,336310,1218468,3.06170523030187,13.518459258388878,90.9
43,61,146888,109932,708221,1170152,3.7148043880037607,13.17191050726641,43.82
50,68,75754,147103,102406,1481315,6.711467690851314,5.136616854706094,10.63
27,69,129847,32785,316442,1653952,4.220808043580766,13.957263555151146,100.0
43,59,180443,104475,969725,993667,5.990045586643748,5.289443167433671,12.91
44,61,58467,12282,312086,1136101,4.925513014115149,7.396457849575566,100.0
56,63,168697,77534,532741,23780,7.274028893996308,5.323891377759951,3.05
31,57,53893,84964,632099,278733,7.762076529983218,8.358434870393161,14.12
57,62,96329,129006,584223,890096,7.417823641850952,10.138665257132716,6.55
42,56,51007,60583,389583,973443,4.353099973467984,12.966448690151381,39.58
25,65,190604,48392,703730,1503285,3.970814345230411,8.37981550469836,100.0
35,61,74253,17461,799760,114188,5.372174468103675,12.054900246731167,71.63
52,67,32323,110123,20534,627614,3.0366707541809013,6.875044571189804,6.52
49,56,131335,20516,876712,837385,3.1290469643159087,12.505984567441264,56.61
47,69,132356,131251,565608,600073,5.766453198115,7.3599660590923754,10.88
55,68,130944,72493,578458,1602173,5.60224702082643,6.435447559437679,24.04
54,58,165282,46027,105546,1637059,7.9729099451762995,6.8540885037405435,20.28
59,61,36456,103547,609489,1084477,4.009209176818791,6.820631288818554,7.43
31,57,51367,110127,763761,1737512,4.290519645802342,10.128628793769911,83.66
40,56,74624,89003,275784,1483300,3.5677032116314336,13.447975811881461,53.57
50,65,161178,49758,236324,477927,7.5877150482687235,5.796050769925056,11.3
26,64,88008,64312,489273,1608328,6.889056222292254,12.069563184934227,100.0
25,61,145926,78670,690409,1336980,7.1116955572842375,11.543464596528576,100.0
36,55,135395,92279,403834,659285,7.513818939822544,13.725199518293623,36.1
29,68,136492,25434,238612,307584,5.624499933629192,7.441475605069073,86.71
56,69,92240,85769,716413,1415802,5.255965957253618,9.501098586850297,25.86
33,62,84315,76677,924424,902015,4.651957368328082,14.258273744435174,100.0
59,57,30756,93555,311081,590971,5.946073071739278,11.599934501353172,4.32
43,66,56378,138379,730084,396350,5.271391983949113,8.88768412861597,10.66
40,66,155327,111665,148279,182502,5.257827933027876,6.314123828552685,3.9
27,67,165556,78803,201846,1978067,7.6846393186556945,7.624850079005911,100.0
44,56,145703,101703,693332,1566570,7.9201575713956505,10.812154774893834,24.84
48,57,76549,31312,409015,1739041,6.982421946647904,12.181679475605137,70.56
57,59,185575,127961,731448,1661348,6.783790451234641,6.244218868518935,8.49
48,65,93794,50379,427132,784107,6.4027908088955074,10.99597260044054,41.74
35,62,65113,27297,75463,1989106,3.8303742616675684,10.50351278838751,100.0
32,64,94069,12011,98500,864741,3.2955291043782724,10.13955446690708,100.0
44,61,156321,130234,212772,842359,6.453631575566316,11.90123117682008,18.91
59,61,170273,54014,566446,1265062,6.64393111128288,13.374495950834618,16.91
49,66,145541,104333,89607,1887954,3.234864955490699,8.229896831768684,29.28
59,61,29686,21120,911071,922935,7.64025875114424,13.890121901109595,41.59
49,69,73363,149839,774305,459777,3.4557031972233876,6.606336126185507,6.75
53,62,117543,32852,338840,151449,4.429502668856012,6.730238697511643,7.75
42,55,151733,89239,852942,587880,6.361949063993523,7.667720636239239,11.15
42,58,195915,142001,125076,1196995,3.849362972022382,6.195308695470779,9.56
26,67,115673,101575,63692,305920,3.277079442211222,7.303192246828775,22.84
59,60,62828,105040,660129,931287,4.655732445820749,6.064117629028446,6.54
40,63,68604,15744,722104,1638662,6.829857874275895,13.217524169853904,100.0
57,67,30526,148141,807242,145370,5.068393394926302,6.389689918866246,3.03
28,56,88910,52359,927630,866636,6.264864609539696,12.472975575598568,100.0
57,55,45592,108746,166081,882639,5.898095486140683,5.479138679133337,4.2
38,67,48982,130906,116718,1945364,3.111092410127902,14.48520327513915,100.0
45,64,20207,17597,358076,458377,7.942699935228533,12.111600875277661,100.0
44,66,108733,57093,529480,857084,3.2071404440969387,5.067965485861118,22.42
32,68,144982,124650,252536,501830,7.839013688242425,12.63856500200214,100.0
31,56,88619,130956,41413,926004,5.749320891821991,10.140819207661853,33.09
27,61,180400,125598,148888,253767,7.815795135325333,12.793651703351198,50.95
41,57,66479,143241,568370,1603786,3.573767997069177,10.224968088905886,23.8
57,64,171175,18036,856480,437244,5.452042595927566,11.410248576353546,41.31
36,56,190963,41778,652418,514677,3.847520459330293,12.863316553950405,64.24
46,68,161826,147416,580228,1472108,3.254874385112212,9.051080545878566,29.63
46,65,101437,28800,692490,873428,6.087645575311558,5.027081498204521,42.11
54,61,118540,35372,569430,1468760,4.038917104808457,13.499464959451885,48.69
32,67,92982,71516,527780,826698,5.93848509143773,8.808903626246625,95.54
51,67,122747,30538,41468,528895,3.561822409744928,9.96042726016583,33.53
51,56,68231,73918,953202,1285393,4.659932357163514,5.077666421539687,14.65
58,57,49301,81155,671015,427216,6.9081627902662355,9.920920103500979,5.86
45,65,192395,69500,183969,941515,5.185257609210938,14.864874015717294,91.34
54,61,38752,120659,428291,1061442,6.138727074486682,7.782676608187696,7.67
57,68,118452,37716,931863,122669,6.23728970372773,8.95418270242378,13.78
52,58,164467,144308,920480,802330,7.218775219936468,11.871899964686765,7.2
57,67,141237,12352,500413,290539,4.624613972033206,13.147936675236586,50.59
29,68,76273,143004,241187,1752955,6.436477812912588,9.173916240061004,100.0
43,55,111878,86449,47056,1030747,7.808079035230828,8.096688704012927,12.87
28,67,24895,18556,56831,276150,6.65121667178934,14.378257999850671,100.0
59,68,139968,96836,850623,699753,5.449352383588723,11.771449666716691,11.86
41,59,135700,146570,778952,1855964,6.153587222459646,6.190213044931411,17.77
52,66,96559,60098,913380,453258,6.698414488815541,5.689278781346486,13.15
54,63,30699,122169,431488,499415,6.061378828469362,9.83549850790369,5.43
53,62,29715,136060,637405,1982158,3.083379067449196,7.200900660472724,13.3
30,66,39169,140544,281815,957135,3.973867488436129,7.539847533762535,39.69
59,69,138413,10340,294192,1416396,7.05234108607733,13.776921788278482,100.0
48,63,167235,92302,998778,656012,4.363253236562423,5.895660243163107,11.5
53,64,139264,10138,817395,1645765,6.657810597805669,12.153641152288897,100.0
55,68,25782,141430,573242,903659,4.860601076208494,7.71142253380588,8.68
59,63,144481,129619,470525,734857,5.609421640789716,12.603282214041377,5.31
57,69,55585,95376,238192,498029,3.3398664990970186,12.224113844635447,9.72
45,61,50682,109931,362574,1700056,3.9061278052485475,5.0739190144429305,15.6
56,58,198936,91532,530005,182646,7.785984817596173,10.091354129215992,3.42
47,59,149992,65778,278820,1352137,7.45069026723457,6.393194823780464,19.78
57,55,104416,47772,402650,360164,6.261375554495251,13.662270305786768,7.08
27,68,147810,68478,185882,1404359,5.298222986928687,13.715858828624066,100.0
42,55,58067,36762,123696,1516798,6.378806464476119,9.18345807493758,55.27
49,57,193757,65568,922262,1153457,6.093051445469695,9.443956184510807,20.95
55,67,38073,95090,9994,252934,5.84276127802306,8.03282939404527,2.84
27,68,56035,30219,795666,142659,3.295885359317709,12.16606298960031,100.0
48,62,110373,67169,74300,1704552,6.164013053307535,8.58661363026459,33.97
56,68,103362,84965,311093,511323,6.844600222855842,7.6779247452263375,7.62
46,56,110517,94754,566693,649872,7.970408273227878,9.322310595045082,9.46
47,58,85450,87988,302016,1768646,3.0553927629715485,5.914875183874587,17.19
26,56,30382,142379,309359,1931575,6.650867266553384,12.466032046442038,100.0
51,68,155509,90388,552473,757108,5.858946579679902,5.125964012717869,10.71
26,59,81929,100768,703802,872318,5.170260880404784,11.44485061520594,100.0
50,63,118864,45428,521479,946320,3.6378508728568546,6.828645267548724,25.27
41,55,163401,102021,449975,1799760,5.0454257431743805,7.324040462144131,21.61
57,59,45169,128418,832585,825864,4.771885914930676,11.3563199864004,6.02
33,68,107468,142212,344679,1238265,4.514149444893711,14.929434657829072,100.0
53,69,54594,36421,662941,1393093,6.654398116611039,12.777174890725506,100.0
50,63,65033,11708,56717,1223865,6.503627606421319,7.25839632223392,100.0
59,69,83133,144702,7763,1341604,5.945100454904558,6.7602475504113375,7.45
49,55,93861,86021,360054,277598,7.693324066466861,13.662328702676703,4.64
48,63,51750,54789,60480,1657824,4.749271920904272,9.441839479215043,49.26
37,62,60461,36086,699119,1160997,4.219009688550898,6.370528028281555,70.85
31,58,98222,26859,212139,1296821,6.279516565491997,13.622114233219381,100.0
44,66,132020,17684,123094,1626482,3.994070304687015,13.160923529142615,100.0
25,65,44226,101088,685667,1011452,4.5750525359171235,14.839063638971636,100.0
32,64,26721,142279,756731,1105687,4.123012200374424,14.09743686712684,100.0
40,59,40609,56099,540352,442829,3.345767838592506,13.517903386605417,40.6
38,67,150513,76093,81848,226750,7.137493708178367,5.5257439781100315,6.36
36,59,124211,58651,566836,130592,4.272702714608306,6.04415369498118,7.6
47,65,199967,23893,173017,244000,5.365137516715103,10.689831943041227,29.49
39,66,156728,76418,970441,790277,3.2165763662715596,10.314792462818207,66.31
52,60,144865,135074,797908,332137,6.496697331263215,9.579632144895355,4.59
58,61,94520,113065,449972,1187228,4.652805011531454,8.967893254145842,7.32
26,62,84309,140351,881533,936352,6.723683639146049,9.312104848643289,71.18
56,69,49984,48635,531670,518069,5.062015302339331,10.692979341347952,21.18
47,68,138947,105071,447899,1661536,3.978778032028123,5.020765176000812,20.21
46,62,25901,88518,486215,1833215,5.565875411410179,7.607087741328522,30.18
49,65,182624,116233,705636,862557,3.652522798187199,10.18279720688711,17.12
46,68,51055,113651,955906,1276092,5.202695799364974,12.222160986736462,62.64
46,67,188757,82805,490097,389653,4.586527387102432,6.741566923953963,10.18
30,56,165788,132813,508516,1120178,7.559797920998166,10.46881173787433,48.38
39,63,134099,89063,425162,213117,3.3046436086036,12.144596838857817,17.6
57,61,31138,12454,608986,247069,6.47008707052871,9.446276579139047,32.23
32,58,186370,30878,775050,576510,3.9137558299371795,5.27081133670051,40.04
29,58,43429,78344,772669,1894231,4.595225371661199,9.492681584656367,100.0
28,65,70200,114946,996437,1299660,5.0775703153103295,7.964448877441531,83.87
30,62,199316,46593,944839,1300894,7.540075446874871,14.296496077013284,100.0
56,58,121268,46304,50095,1648197,4.212891330369126,6.246133856783274,17.19
54,67,37347,123613,478146,718092,3.4565440127233513,11.524759555072322,11.61
59,69,167992,28354,397118,1443370,4.593448019952618,5.527197663345012,42.16
40,60,51822,32190,818629,1107996,3.5233798526776665,9.461704378126965,98.06
37,59,197731,16142,919051,609792,3.6429824298027627,10.539794872200806,100.0
54,57,60108,51862,551298,1585326,5.869252989875133,7.979549313168654,20.46
43,67,148955,135438,422339,281604,3.3045096654974664,9.550756355203845,9.03
41,68,27967,58456,355067,633607,3.15465440696783,6.6355379453018735,28.12
43,64,130719,110167,663250,1839538,6.572070507352489,8.04123849468036,37.81
52,65,31871,92035,397670,674635,4.8082354742052225,11.211063249102029,13.96
50,56,184685,18016,114162,678629,3.6268767461693665,8.01800055861155,27.57
50,63,48179,12384,388071,1712457,4.268063854298541,13.997430784088717,100.0
47,64,75099,112239,275170,1181248,6.210432536761996,11.284069576409898,28.02
33,63,55262,121431,332069,1517734,4.377682835704256,9.386490184359845,77.98
36,55,98213,90018,598130,1393640,5.472605625602039,5.3875693555418245,20.25
25,64,137407,50510,300809,523953,3.6084765336333615,9.995483352046712,100.0
25,57,169340,31826,276421,1867561,5.940468188027235,12.647762421250892,100.0
58,62,106269,78026,178311,427582,4.5803884192163205,7.655575980124136,4.02
56,60,80545,131668,445880,54036,6.134842172643583,13.067735696487674,1.69
49,59,59922,34045,839440,1207017,7.041974411520115,7.518067660508815,40.77
25,59,62913,100102,806115,152867,6.058232096949962,13.237463879508004,46.94
40,60,117033,61919,661030,1128597,4.478737812975103,5.852683416116774,28.14
29,69,124792,109441,225283,379349,4.278718507741502,13.661837088690294,100.0
46,61,197404,146917,678249,1519946,4.63710479366724,9.991864509333304,19.91
53,55,139863,128325,453828,695503,3.8231025661825244,7.9653758962026195,4.11
27,63,176104,29337,704895,432641,3.9058592542501005,7.651132504151487,97.34
36,57,188918,87949,345686,1933217,6.95345550950084,9.320105589303626,61.14
50,58,64936,10276,321463,347283,4.923662882537225,14.99049498103645,56.08
40,64,180866,61151,250144,770592,5.179975902852929,7.203273934375826,29.58
46,55,48141,62887,883499,1588232,5.9702473278340555,6.032166488789996,23.68
53,67,160146,91442,681999,1718557,5.9482674757577385,10.850351687186619,36.23
38,65,157478,59847,200784,593117,3.3368843576096285,9.88542466440257,54.03
52,64,117359,68653,939137,401180,7.157703931688328,10.241962710633073,13.55
29,57,143279,66622,781505,1512086,3.886632766119697,11.66935417557217,100.0
54,56,174363,37810,957164,811151,6.615358180248345,7.671440698706493,20.91
29,56,61568,87842,336119,1612091,6.863354940640833,14.106649953838884,100.0
36,68,117539,132225,168244,643718,6.5744976704565685,9.356720661222903,36.03
40,55,66851,20503,457413,410782,5.894888232770726,6.290861951424618,30.14
50,62,74823,94761,106158,22306,3.0730449855444144,12.422987567339444,0.87
50,57,43312,136439,981351,588110,4.801877461815853,11.431043526178502,6.83
45,57,194180,21590,803009,34042,6.024197146812906,8.15743402484037,17.18
57,60,185243,76624,868731,418302,4.937256479612693,11.215187240340486,7.85
54,67,192851,130356,811608,682747,7.317399474564065,7.1986195636897685,7.98
47,62,118723,52727,966890,623712,4.5440113767480765,9.448393593405296,26.73
34,67,32411,88471,68972,1241266,4.467673962293302,13.994125221673253,100.0
29,69,77009,18068,911450,757410,4.329988465463289,6.335342331607494,100.0
58,63,166494,126923,488007,159395,4.663904344803978,8.86696449987462,2.4
55,63,193540,148367,439219,1600883,5.787024821570936,13.211424247203473,13.37
34,58,52371,21390,287140,871858,6.535076471362954,14.694908994061782,100.0
43,68,77022,116752,630210,1623727,6.312839588693926,9.539261364217959,58.78
56,59,91229,104754,878030,1048457,7.038589099907398,10.069996201433474,9.05
25,56,119071,85969,565219,645311,7.429569977487125,10.721719617837698,76.26
29,65,116774,87064,653456,1724219,7.080395211716756,14.323481416337108,100.0
28,63,46715,31281,171782,945783,3.094727016871773,13.582067909770299,100.0
40,62,47605,64189,128099,1367719,6.679589767759944,6.706011246216443,37.86
48,57,119853,58511,563981,72780,4.0419978680916575,9.367578178470751,5.18
40,65,51174,132115,958244,819340,3.664640213539913,9.640004281964263,28.82
26,66,161028,18605,999745,1775520,6.192443923995677,12.890961116487567,100.0
52,67,96373,110318,113944,1446998,4.5987159770384745,11.028928826054353,26.68
56,63,89252,142453,753943,1958010,3.2855858168522163,11.542204620290129,14.51
51,57,90017,29810,736862,1502017,3.6881486719918066,14.981999076656177,58.81
44,63,83037,51869,808806,1751888,3.004647084349805,5.749600434700131,47.21
48,56,109818,42955,999178,1159282,7.516118136723536,7.23009823533733,29.35
36,66,26548,71388,252572,1751599,3.123089919206193,9.078959373715469,100.0
59,64,136981,20207,348615,132019,4.047278847547555,8.477824030488872,11.28
57,63,174249,32031,575201,381852,5.081313903439536,5.216455613469836,14.22
57,69,44022,90807,915115,1775317,4.782856629754095,5.9177760647117585,20.44
36,62,126297,81312,202097,189001,7.558629384563878,11.809532914035762,18.68
27,63,156614,69766,835948,805775,3.2014447286727106,13.793244633625607,100.0
25,59,80428,99833,617084,1921181,5.561073538385258,10.142270112659777,100.0
57,65,173812,121041,293213,1158836,6.40239731262187,10.39191079513633,9.81
34,65,79353,126185,909765,1229439,7.6584898684058444,7.550934328323794,41.78
53,56,133132,20350,978737,694494,6.1018562606186055,12.678763636337113,40.38
37,62,36052,110859,89811,1039870,7.018776180058813,12.517945873672563,74.9
36,66,120689,78487,195121,1761037,3.418624689226742,10.883656892176568,100.0
55,69,198148,133853,762180,603731,4.929697554684637,7.126642865113428,7.3
26,60,151743,63117,385172,764471,4.869735672395337,5.970182182370895,38.79
59,62,20163,111084,568466,329674,7.431441082278588,5.642385758571259,3.59
47,65,61424,33782,824253,1498591,3.7568558563163745,10.926960666428778,100.0
41,59,161706,38454,974231,670187,3.7594308616831515,13.250353191428001,78.75
50,64,155870,77904,459151,106143,4.642790749428992,13.583304317809247,5.83
32,56,42420,139936,546287,1776589,3.272330236834188,9.636220743434498,49.75
53,60,140575,132258,460738,154771,3.91229020326245,12.842712993067169,2.59
50,59,49300,121668,305856,1030332,7.826048192728676,14.468801963410236,12.95
34,66,109881,134184,200623,1565289,5.140919699335864,7.75170112488068,53.62
50,67,30749,26566,700532,1018923,6.1600960421121815,8.979603463807571,79.93
58,66,124131,148262,300866,910959,6.630556296723185,14.314789925966807,8.31
31,59,176193,48333,802057,1830908,4.834807035036002,8.382309673172848,100.0
28,67,148563,131929,203237,670673,3.7361353720525847,14.138762903217962,100.0
35,55,57487,99571,999013,1727534,4.032905081108904,14.810448622544657,100.0
53,56,184433,130263,536147,121362,4.5663323829030515,11.618107285744248,2.25
49,62,41223,142661,964113,1829381,6.180342101761129,13.168902895041683,29.5
45,67,92930,35235,965811,1349527,4.9914027454452725,12.495455642210853,100.0
34,68,165128,10159,640274,1783326,3.0340734895006407,11.995342576155238,100.0
33,67,48380,114859,761942,186298,5.617035925337359,8.069310729812326,12.22
48,57,46035,117507,288983,593838,7.607566959537089,5.570943379079437,4.45
59,64,50620,149316,294360,483288,7.060388055043395,8.430517325196506,2.84
59,57,170949,24743,844385,275702,7.126056856298155,11.669359852039065,19.4
42,62,137360,56101,482697,1002812,6.975290088030656,6.025291982278014,27.59
56,62,73352,131534,458809,322257,4.6186541280521185,5.119179829782421,2.83
48,56,181983,94227,994579,1898007,6.82596916877196,6.396923726029387,18.18
47,62,183856,81126,54522,1769814,3.715806789055965,12.157359264107953,51.09
56,65,23191,66071,235233,963847,6.288580736379767,14.72793701656444,22.42
36,67,184232,84763,403102,1116795,6.207842833424972,14.830646996148204,100.0
37,67,110536,56154,378393,1749122,3.1278489954486735,9.939791491401879,100.0
47,55,124576,17016,12485,964470,6.9398506679546585,13.693523009923474,66.24
49,60,23631,99678,429671,699129,7.516240525475653,12.36826455751504,12.34
59,62,157244,122056,772344,785292,4.337076392360538,10.010402369846034,6.21
54,57,62080,64238,939271,1840200,7.061953620930755,10.727605329550869,22.3
41,62,110353,68608,117701,246495,3.412029859309741,6.37227146616871,6.19
44,66,171353,99081,950957,1636082,5.99983929130533,14.376614606165921,100.0
49,55,48671,60961,212352,291373,5.428234326671386,8.519297707317769,4.7
46,65,142811,36917,631926,1920217,5.729617666545,9.461492564571696,100.0
37,65,147734,37990,189514,1610741,7.631026009421725,11.716602309978988,100.0
43,63,179674,72551,450093,199073,7.356576236234267,8.33902471526554,8.26
36,67,71399,90811,803658,369281,6.925418286198785,7.542591609889305,19.83
43,65,174544,65103,622693,834516,4.368492288391855,11.310493932702206,60.4
36,67,27099,116122,814020,878212,7.5590931434304585,5.249840822818495,18.31
33,63,176503,29008,215048,1020396,3.4875384623193764,12.20725112026679,100.0
31,59,76492,42402,692069,1206454,7.2666460827939385,10.140233698765098,100.0
52,64,116722,146865,970292,229707,4.640800361768039,11.057537305209344,5.05
38,58,198756,146643,42019,251249,3.2688615583099168,11.318801592468851,6.21
55,69,50111,123550,967452,1095610,6.346784921203741,10.270501564925638,17.78
43,65,83936,101218,266497,181389,4.156399641579777,10.825337774407359,8.26
40,60,173686,143296,594421,1900476,4.217855629323159,11.837882008898745,53.51
29,66,193063,130779,905876,1470886,4.530235831143857,12.531188471796742,100.0
59,61,80920,139714,726818,1771732,3.318423837512584,12.274523912861206,8.83
36,59,83530,42441,384747,1069165,3.88563572099127,13.696164577322618,100.0
49,65,187296,72368,163598,1115797,3.0256981379278014,6.894434331674027,19.61
45,67,27788,102122,995997,1314503,5.227047605528934,9.011479694917975,39.86
47,64,48082,54760,657873,1846665,3.4212768870898564,14.477960660144571,100.0
40,63,143287,33478,450414,1419020,6.413263025220995,8.965905743863297,100.0
38,57,109570,137881,774460,651517,4.178114255958242,6.2487007690592264,8.57
55,69,121015,81854,497750,835963,7.717870720175886,10.254451263621796,19.22
29,61,103588,104230,834827,586515,7.356258136993263,6.094909725544621,18.91
59,64,167603,95716,422247,275308,4.447204474841041,7.028532387278652,3.52
47,64,108340,108538,473758,103078,6.916077273283394,14.983187565709567,6.07
53,65,114439,25372,655102,837679,7.0162245233240315,10.413626383961319,55.92
35,59,195929,39796,960205,769401,7.932815570572052,7.84058389040429,59.36
42,68,161214,108826,379743,1995681,5.989199934228425,14.947749545739061,100.0
36,61,135053,130592,30939,584887,3.409828673218311,14.665589185551433,57.22
33,69,68355,103635,971649,474761,6.234186144631905,9.407390410842636,52.48
34,56,160938,121022,942828,1829231,6.124898741880176,7.604031087879084,34.83
41,58,145426,64040,158939,1980632,6.191752887102159,13.3839963809219,100.0
31,56,84027,85357,791635,1568244,4.535728240521058,12.156207169717858,100.0
37,68,179210,88356,939048,936921,7.298397925401664,11.869414350035104,100.0
33,67,112601,26211,938403,1248227,7.79736091477706,13.931137413224725,100.0
51,67,49956,115426,820495,1559317,4.088562564890758,11.894171338713246,36.95
26,66,124797,15842,620168,78207,3.440760790683222,7.8379794304154915,58.39
29,61,144917,76852,533036,344199,3.9726751658424204,11.938631618757324,71.8
53,56,146303,135737,241094,898698,7.102760696278594,8.05813511283664,4.22
43,67,156511,55968,384413,1398990,6.383223174099237,12.59238979656995,100.0
32,68,198313,27508,989133,121426,6.180236711695633,11.19747854491566,98.94
25,65,62533,64575,872196,1569657,5.008965675547122,5.774115519847506,100.0
46,55,179342,76914,156956,144794,5.889139857557179,10.128353624351421,2.72
41,63,98815,77055,161255,1915450,4.539370626371837,8.433009691957409,62.36
31,55,59279,97697,469462,1416352,5.3860003970898065,8.285706327322941,42.81
49,62,129787,116239,899468,1753967,6.96531514185328,11.022563023772573,27.7
28,69,174960,133106,679619,1793171,7.906207987277311,8.223248244694249,100.0
30,56,168702,15355,696319,555726,7.662444617949009,12.768937482048727,100.0
55,66,81063,64120,907957,593107,7.669329714231244,5.707914360111745,13.0
43,62,147896,48342,431673,53856,5.011118674235561,11.603882523958255,7.46
51,67,186216,12257,352823,1485368,5.343949402533955,13.091948036567413,100.0
34,57,117661,37364,130829,1886946,6.528176981844908,11.728316899204302,100.0
50,60,158051,121715,133216,452244,7.6109596402564215,9.972291950199956,4.46
43,57,177261,36654,924607,1118383,3.7099712967604233,14.503070137361812,95.17
27,68,193672,91423,595189,846309,4.521209319135979,7.999384897980636,93.19
37,61,143257,39320,772674,500999,3.6962342229705474,5.191678875249778,26.08
52,64,106205,30808,180607,1102037,6.060042649797277,9.319893714634409,45.86
44,63,26910,62389,414319,627762,4.531504984437688,5.330119359003272,14.01
52,56,66857,128581,627334,355280,4.630539262562867,14.539367525264087,4.01
32,69,54964,137927,357156,1341155,3.354579797439896,7.099180457480515,52.33
25,66,176299,44773,607566,1798053,4.748980309037959,12.889270239488795,100.0
27,66,157050,86396,279535,417407,7.312482537007927,12.745720831743649,100.0
37,69,37153,117692,107476,881158,4.165364059454175,7.177288996829335,29.05
52,68,79765,67505,951405,1313306,6.4759373310503285,11.212265304801672,50.26
49,59,128212,95896,387865,1305308,6.148141724692963,5.480789684864503,11.36
57,67,59071,28135,626825,430602,7.317423041845577,9.835745857038674,25.58
30,60,132990,100887,872591,1745657,3.6614397382551913,5.146471272724868,36.09
56,58,89519,132118,990418,1637650,7.887949801725216,14.211438801808418,9.86
45,58,29503,57377,922472,285848,5.913143230201828,14.760860241995717,19.13
40,58,115457,72491,186429,66635,7.977370761734072,7.222827666385853,2.42
45,56,167977,68283,222980,929627,7.557573629329254,7.081060345963728,13.4
35,58,65838,26923,508551,1411430,4.107586360565529,12.537201765621298,100.0
59,65,145200,57591,960941,775197,3.2808100495165657,7.533793988293345,15.62
43,55,109489,72261,826935,255984,4.278195468976808,13.95076559161845,11.84
44,66,46806,64336,491675,1383713,5.637818244997099,10.739291361229823,87.72
42,60,196072,84083,80403,1171328,3.85798183532595,8.507776230103122,25.64
38,55,173240,70948,963762,1269770,3.8372987225899426,13.3269374634942,68.21
39,64,90119,36672,956228,238584,5.312967735525765,9.93406700413395,39.8
55,60,58714,14213,593574,1477208,3.1663398558467923,14.116329137084755,100.0
25,55,75419,72507,341986,142886,3.6094404126613524,14.28014236729381,47.0
27,60,125432,67134,109927,1137113,5.079306697039738,6.654201521284094,59.83
40,64,112949,143172,806340,846690,3.3156495460398325,5.023234061319303,10.34
47,62,153533,38172,490833,1730444,4.983775282277646,14.839309401424023,100.0
35,65,165363,30132,448842,95166,5.3700313297422255,14.061375361274793,74.35
36,56,197876,28199,304372,1792852,5.256333070365573,5.554452357038414,82.59
34,56,96971,46609,28386,385854,7.3458742870154365,13.330342639410699,54.37
56,68,113471,149088,182826,1356419,5.650312275258662,9.578049325592065,11.87
40,69,84946,41881,509158,318479,5.339902312390217,7.589616050249752,31.5
32,67,118989,34472,295446,1891814,5.053546226958331,13.787465236769298,100.0
36,66,104080,64131,327959,874285,7.08811689152243,6.966672323903072,44.97
48,58,97794,22828,257156,1777704,7.475283019999166,14.47299999420067,100.0
52,65,50841,106664,854776,307883,7.266212345985588,7.056214876993411,6.26
32,57,144447,142473,958122,569073,6.367732890656955,11.136831877287435,26.12
52,58,140029,25193,903035,173052,3.686808729843371,7.230863345289748,19.29
50,67,199830,112518,474450,766079,4.3843498474600615,10.456686649686347,17.14
32,66,96272,29611,328258,1546494,3.230315318409887,11.839751299151413,100.0
52,61,57643,86240,253724,1930024,7.654120374950571,6.902279308201376,18.23
52,67,63950,12745,206202,1453401,6.303992648454551,10.208857827006792,100.0
51,65,120500,65243,30525,76253,6.731814421566208,9.69059744390119,1.97
41,55,179116,13866,84818,488697,4.557858697911145,5.710374214033412,34.5
33,60,145588,138681,119589,625416,7.228267611386712,13.183078176753028,53.58
57,69,35997,81354,150406,171081,4.298016418542392,8.356824006428418,3.07
44,69,99751,61374,624003,924013,3.0082187855622484,10.745821975518796,84.71
37,57,118605,124397,198839,645254,4.88207481260347,10.147842349331345,15.6
52,65,174983,134577,798076,1196430,5.853807404795367,10.132605045704423,15.46
53,64,75533,91029,368298,633640,5.393524289827613,6.072223942084874,7.23
37,61,102566,103574,511453,429149,7.310380712882985,9.234820092493328,16.44
59,64,165643,40431,955437,1922162,3.5270264297808347,9.523667592065703,41.06
30,56,128255,39336,262438,1722243,5.769117203168628,12.336428403644485,100.0
42,68,78005,50992,834901,757567,5.564896749104538,13.400188319206984,100.0
29,56,63541,65350,431903,1820145,4.406964910860815,10.44982278100018,100.0
49,67,43387,79561,898041,642585,7.111140562885053,5.867829540649905,14.1
26,58,113980,61955,450872,1789810,6.764243279411032,7.368494705965462,100.0
34,55,199980,71240,415591,572634,6.664295936659155,6.649340268527311,15.37
54,57,105457,147227,512235,1170714,7.38096239134778,6.246150631891247,5.42
29,67,164129,56607,518951,322916,6.613923003107606,8.658992986178076,59.6
57,63,84028,62870,332350,50149,4.159206458573632,7.29393502154382,2.71
25,61,139246,74110,887894,358844,6.5278135582484555,7.183031118115123,29.5
42,69,75731,126895,696967,1741462,4.538514066949219,5.546931745762676,26.85
56,61,175930,14426,612466,893190,4.210873251737352,5.176700447954339,50.89
35,67,199761,37606,946497,1537504,3.3650179644981364,6.027682426497818,100.0
45,67,64638,38151,704746,138447,6.720142901738384,6.72197479423633,14.02
50,65,197558,21308,783754,471693,6.555004809749056,9.309837288482031,50.38
49,58,40567,100306,444503,1064271,4.172497388370468,10.105202612988446,12.36
46,56,180811,116984,91724,1622033,6.74689508362078,6.405919181733656,11.08
51,69,77804,12204,758492,844379,7.589204415467766,9.247833415241864,100.0
37,68,128821,102769,101393,1236872,3.5401447874578964,8.417488423259272,61.83
57,58,23754,97265,918746,842297,4.163183191933875,6.834236434979561,7.79
58,60,47044,41131,605600,690913,6.751303970436577,5.068407481483636,13.86
59,65,87260,62428,866756,1425221,4.372533367535391,9.670178665217417,22.34
25,65,86912,43870,600484,1381130,6.123319871418584,11.856517492651992,100.0
45,57,28706,113547,599302,1424474,3.4058211223185726,7.26277334143807,14.32
30,55,28894,59067,406426,363039,5.261012395517694,6.318068298966794,14.71
52,68,169109,122217,671282,952320,6.6954571099647655,13.870427444469618,28.23
41,66,103986,108934,434505,1768962,6.432569715216262,7.750247724877978,45.39
29,62,101942,84707,527313,1371425,7.075360503379034,7.236126197926648,70.25
55,66,49725,71215,38340,202994,7.387260633015845,13.570969396099159,5.04
29,67,156998,59429,306994,1436420,6.865917506293791,13.171070991667612,100.0
27,59,124555,92152,979488,870346,6.35793871469463,9.483464705246336,75.9
47,69,29496,118048,501915,1060457,3.158612459080156,9.892388614277746,31.59
34,59,76447,148731,642999,319509,5.674833367047221,7.17748704834022,6.86
34,65,121604,87240,744538,1579720,3.188488624574264,5.783016704795575,46.66
43,58,180878,123688,16094,1137787,7.040339085580113,10.73431825355661,17.75
41,60,108199,56473,879391,997626,4.603622622299788,5.983449215902131,28.69
45,57,61321,106762,955922,1214654,5.812146870589604,9.492745469566497,17.81
38,63,173728,116956,797173,1361918,4.397226536594513,14.404971985130107,100.0
33,59,75147,128452,640873,950335,6.912500721901468,14.528343891705845,100.0
25,57,111396,136311,470590,1945657,7.432512633209512,7.393322865473586,59.73
37,65,58787,17006,515491,1992539,4.99321247106532,11.241134200456544,100.0
28,55,41727,84218,389708,1484235,7.314611967554945,9.740762641078575,92.26
25,64,115081,42430,73798,969820,4.335375037281662,13.75685127586106,100.0
56,66,142721,33091,907458,1285779,5.673304615377619,7.714308642760532,45.47
58,60,88056,33989,206604,729846,7.29380714919352,5.037024068324168,12.4
52,69,154153,85451,115130,1719813,4.629406713078952,6.625612059314151,25.52
55,56,185268,28990,813596,1098129,7.770211325390429,8.49522801169398,28.82
32,67,187807,100270,695955,1565929,3.609397508906918,8.157211297704887,100.0
50,57,100102,90360,35257,1456714,3.091375348617531,12.913629191228859,15.88
58,55,176570,46081,412427,919210,7.520676762890953,11.805606661388378,13.02
27,63,96865,118272,887421,1962026,3.3432433307393614,7.995563196148972,100.0
36,62,182728,26241,927736,670046,7.959445979737459,9.577438171662134,100.0
25,66,87695,134932,990257,42766,7.756984309895531,5.955591039583352,4.47
29,56,188972,15939,57691,1877014,3.6851045501816033,13.981464448201008,100.0
54,69,137235,123000,609056,565710,5.687923128462829,14.35424824448534,16.39
54,66,198773,45063,423829,913022,3.9246014873357216,14.79803535380938,48.14
41,65,128777,57118,543314,284349,5.1407758651506,13.685528307858377,49.02
47,62,39033,94703,976039,489806,3.3071256462991636,6.739608876962255,10.03
39,66,161877,138557,754450,1213175,4.119622938982948,5.461964832016289,17.6
45,68,186923,37076,298052,1825419,4.816363981994497,10.79596727412674,100.0
38,63,46832,54605,974617,1470235,5.193237501230274,14.126050268831104,100.0
26,55,135725,94565,548898,1468316,7.887481291044466,6.773513616597429,45.7
35,67,165016,49121,182718,1437197,7.039328228419906,5.070429146241419,60.9
58,59,39873,41433,503357,1086778,6.687049721559731,13.054960460322443,17.42
58,62,60372,53309,330329,449358,5.685206573709872,5.76795684286734,6.98
42,69,109464,77468,863999,858124,7.199988803021717,9.137060319100303,53.56
54,65,166451,77293,183646,747744,4.696614178278555,11.78887337188785,14.72
39,68,137322,106258,523420,30855,6.5444955638665805,7.367975854561801,3.0
51,56,187823,48405,227123,486963,7.96891987689086,5.839625634467267,7.52
58,58,120082,53527,500236,1774308,4.573144544675994,12.700212284558287,19.46
57,61,25110,87227,827614,821527,6.370087674419837,11.301750848870414,9.98
48,57,32087,141564,907568,966228,7.2215743207619125,14.884904844868048,12.59
39,67,174834,149883,923074,321385,7.579037916753361,8.443080333199593,11.21
54,66,102617,103344,496006,637407,6.589663454700509,5.617623862901997,6.95
41,59,120483,57153,548576,1634867,4.4180396170856815,12.343500353352958,100.0
29,62,29596,118042,870256,1520171,4.6314107578447326,10.217334188532456,100.0
53,66,127539,64110,952381,1153413,3.103790160619821,7.132039313891351,24.55
28,64,38313,38328,613713,233068,6.804429888357548,12.817289890047594,100.0
34,57,133175,122911,5917,366427,3.213698030309757,7.037554858499437,5.96
41,58,134914,22867,867034,943476,7.323261773013728,7.606616548329366,75.58
34,68,43705,69234,856007,133805,3.593303072372694,5.925285543667192,10.85
41,69,93445,35851,863950,1938854,3.859382560679621,8.994322790308544,100.0
44,63,123892,41279,782475,819359,5.382632354161187,9.18929223937419,51.85
48,68,22023,83402,44104,1965597,6.689402075843712,10.145617903482984,68.05
29,68,139654,25449,678422,125657,3.6950110259953886,12.089642671237774,100.0
58,61,100073,86221,284143,863062,5.200355375332492,14.061009286804257,7.56
30,55,112197,99080,267091,114428,5.414256372050524,6.377340988878086,3.38
26,68,84429,15451,460061,132035,4.0614282083429565,5.543480983486571,46.73
37,66,124195,97178,408157,1504139,3.5777918834031586,5.185312335943333,29.69
35,58,53848,73761,590457,1289356,7.182104614928198,6.4362137806881625,33.91
47,58,188876,48870,159542,922676,5.512328248813827,11.57949485781626,27.62
40,63,166451,106566,134744,1800146,3.0719061799207648,12.274770779964967,100.0
55,60,47766,133749,902116,79518,7.014906506545519,12.865057135281221,3.26
35,63,88099,133765,64821,186355,7.903969027072924,7.437082119043427,4.53
40,66,187132,134881,222741,1926334,6.029630977071236,8.0589481326152,45.33
32,69,89122,138389,254265,677565,5.5185419354203535,9.831346455654995,66.31
28,60,167159,35372,442651,130243,7.392079315224809,5.631830968602265,14.07
28,60,68868,13642,402745,1017378,7.762583948422993,11.111415232112462,100.0
49,59,139119,44064,219127,1857756,6.772684579512303,14.837350336757577,72.14
27,59,174297,24122,279336,948601,5.227264648671439,8.608063113780027,100.0
56,56,115286,78431,341246,406308,5.961106996657202,12.52847475091384,4.24
27,62,26643,65745,208834,1111887,6.504676825089996,10.000339155696079,100.0
51,62,56727,60081,763826,32692,3.971367855009007,6.2781184436038275,5.74
53,65,162077,149783,906326,1707818,5.23600516108219,10.822374488025863,18.83
56,67,129079,149271,91795,689222,7.149106323586425,7.99874268444065,4.74
43,55,85697,86253,170159,402179,6.273626742492215,5.344032084534582,4.45
45,62,36029,46191,333821,231468,5.05602033605927,11.349297301177437,16.0
29,59,165298,20211,664987,1400227,6.316812670073407,13.589323493247276,100.0
42,56,179803,121086,979045,90152,3.5911120603622995,8.447697668998742,4.33
52,68,129458,111971,248877,473685,5.007488052824382,8.902955472127704,7.83
46,56,130384,103783,204298,1587790,6.965642689815282,13.910216829672116,24.27
45,68,88926,135681,503843,1018803,4.10254393568324,13.136088133673558,55.03
30,69,157069,97893,925759,13969,3.9298075377870885,12.14952823551777,9.14
25,69,75506,87960,717793,1094309,7.754093299582157,7.487970637531479,100.0
29,60,98229,94388,141285,341999,4.049488147931154,14.102166549666444,90.78
36,65,62092,32601,107412,51743,4.30459289825084,6.54415757539213,5.53
50,67,82539,149227,548692,1713057,7.84807969452169,11.267705194172219,30.91
58,63,172889,29710,121545,180948,6.673542851325129,5.288011805465187,4.99
38,55,188933,118714,423596,903877,6.497982665117641,11.437198063249458,21.48
50,66,33428,138727,227128,30323,7.264631919272906,7.771443518733598,0.98
51,60,195006,73227,679533,1581869,3.579115411183971,9.4967697718372,24.23
33,63,161330,146039,713387,1337148,6.529781182900036,8.452645520570531,45.56
50,62,77775,94289,815421,568866,5.5184430466411944,6.727567562462099,9.09
46,65,25469,15722,790945,1669350,7.1457532014207,11.21980790093874,100.0
54,60,48854,91050,375250,511793,5.540708593325972,13.819755551406075,6.81
41,57,157328,93596,291663,336284,6.101206771344561,14.590842422824034,14.53
50,62,96256,76732,786163,1840314,5.38871063199768,6.923463631539151,26.58
25,63,185009,78323,813871,1690189,5.39079461777922,12.173727740629733,100.0
32,55,119134,33816,385714,1928837,6.839849890309157,11.643393666056824,100.0
59,66,152723,50695,999453,278508,6.142832003236416,8.433777895745726,12.25
39,63,104730,65841,19995,401011,6.166316008047052,5.190991993537258,8.68
46,68,176123,138498,28559,1487141,5.251412419157629,11.897912473128661,53.15
38,69,47386,117096,526244,1714627,5.655547481687638,14.454948605595002,100.0
50,60,167256,102764,356193,792259,6.7285883310239365,11.321201219156514,10.83
52,60,53787,95744,403237,1678462,7.129704595559591,9.35292724187634,16.69
47,66,41621,38482,627288,1780403,6.482807010720231,10.251538941116284,100.0
38,58,97984,19171,681479,186968,7.620364944228416,6.996288076599175,30.53
48,55,196325,110755,449755,67062,7.101620440736005,12.505441637537375,2.27
26,64,54051,118125,493051,1286914,5.809318949047592,12.46419830009849,100.0
50,62,69811,140722,830782,745122,6.357030363218684,6.45517300387425,7.13
38,56,50447,116082,444439,679221,7.63154138460598,13.77978382499659,26.5
31,66,148046,13696,30517,1286485,6.095840221215292,7.6918973947330525,100.0
27,55,181326,136310,476869,516995,7.1240347398991535,14.82256060936615,77.23
47,56,104045,29149,420466,98302,6.4440525179499355,8.829030140372458,9.02
42,55,136859,140064,220558,1646792,5.759681805302332,6.778840587344996,12.15
59,55,165544,63521,481111,1043224,4.209190977076766,8.517201113456522,10.58
39,63,23471,55740,880564,748591,5.12998759734214,9.401803286971932,54.94
49,67,140312,116611,489282,575635,7.838714124168578,5.6930777303829485,7.32
52,68,159401,146028,465014,537409,6.288826916363,10.782183812232894,9.22
34,55,185937,76641,452415,93793,5.821976901694948,10.976324398689004,7.0
41,67,66850,73811,522039,1611028,7.664783127641137,12.389304553494721,100.0
46,58,74220,73232,850978,297635,5.932558905187244,5.2916989229074325,7.99
50,64,113808,25417,526396,593510,5.630412592087015,10.412382144338302,47.56
49,60,157469,122492,110686,688525,6.796554275751026,5.529074332706644,4.61
41,61,186597,40099,617439,538036,6.563328094932722,12.011442199666535,60.46
37,56,73072,128474,270471,1609417,3.9658000420421637,5.557279857009845,15.46
44,60,103820,19256,649606,1175123,5.3565413728706055,14.117278483416326,100.0
49,61,43284,44681,952272,594668,5.362577214097926,12.020825668844966,30.53
28,64,103369,101328,724778,54331,4.891122576216723,10.07389765085157,10.06
34,68,45122,53361,492602,761393,5.586467410761266,9.41503923281175,100.0
27,64,150349,44540,703148,1024348,5.065536988635721,6.306726304132624,98.67
42,56,90553,94700,645233,1703481,3.996727447355916,7.909993895646631,24.6
46,69,114788,88532,218456,835992,5.061832436373406,13.689591050208962,76.27
58,56,82812,137626,313974,1898873,3.361384737865883,14.044528115624939,7.51
32,64,27999,143943,57446,974190,5.878929313872058,5.007477083705311,13.63
43,61,42436,56002,413376,610198,7.26827274470556,10.941363914775513,32.5
30,66,62963,59812,716943,407891,6.626435421772776,12.193006090251135,100.0
50,55,153168,118946,432214,994210,4.801970200270556,11.187469824576063,7.43
58,62,176351,76668,949734,510201,3.4353560278865407,5.81679764866354,8.64
30,65,128899,109003,145148,1560813,4.010746996126354,7.177248987989023,68.05
57,67,46201,52998,598629,1051566,5.727451702474179,7.50340267381386,21.75
46,57,170787,114601,36085,1054863,4.035285416915164,13.317246313050896,15.3
45,65,180381,17812,322715,1922994,5.719865556424837,9.631994363089206,100.0
30,60,166150,71844,412931,741576,4.157995123819495,9.868282119412369,74.79
30,63,25105,143251,529006,1068644,7.244619347380364,14.348930465545086,100.0
28,60,137666,84601,395452,1637324,4.9863573642022985,11.370858888547154,100.0
54,63,114848,149347,10750,897198,4.227753129722455,13.986677015526638,8.16
35,61,22839,57857,905363,1629282,7.061630901235308,9.565088553415329,100.0
54,69,88920,135555,345912,1346926,4.7141948240272535,6.494362585182943,11.7
55,63,63619,30700,516760,1711044,3.5574384391939096,14.299355940740856,74.66
48,56,62821,103330,40903,1845295,5.852047457018208,9.587051156675383,15.64
33,66,145736,73353,208561,1080913,5.907821022189943,6.816314218788219,55.29
27,62,164565,110772,954597,1210314,6.573478376178671,8.023957403039223,71.43
55,62,37069,101502,620324,257667,4.201097166041928,5.508025896889422,4.09
48,56,27531,123943,617242,666521,5.218856695461225,9.683005914563852,6.77
55,66,188123,119850,517493,1042321,4.411839595213281,13.531281719102367,16.44
30,68,158808,55095,432530,524241,3.4047686805784405,14.335804560066894,100.0
26,58,158782,25523,446441,897099,7.383069135079458,14.326022075036438,100.0
44,68,87155,72433,874446,1410791,6.644349022441705,6.252300256287468,39.82
52,69,165047,29991,433395,1156640,4.507315297294003,8.820538825110571,73.64
35,65,82424,20775,646593,966255,5.996864964359931,5.2822875965070635,100.0
28,69,65603,94995,510633,1427231,4.006318940672362,13.551653449714728,100.0
39,61,174324,132808,423554,1541181,7.451183108978855,8.587557620212738,30.95
30,65,152503,147686,490651,417974,3.5745317168095516,11.311170278922347,51.56
54,58,188553,17415,205753,1517572,3.0191857275390044,12.148984380772886,62.36
26,58,112573,47044,37101,1829550,5.510040988695911,9.298446697431554,100.0
39,60,160629,59976,7775,537466,5.915639117264346,8.06442336550243,19.09
35,64,123302,13832,640785,566119,5.894826601479021,14.622129101159446,100.0
32,60,151234,44148,495399,143248,3.2725596371891315,14.644882250238542,66.75
50,64,185814,122230,50619,1161882,4.570219034592162,7.894363680300219,11.65
29,69,39675,95076,968342,174726,5.4959947342066595,9.796250967444582,36.42
30,57,93997,48402,257388,1837156,4.082895928136205,14.728441586600225,100.0
50,69,168087,48578,417755,954131,7.363129427429482,5.048684076555032,24.45
28,63,183663,100453,762634,717910,3.4355464473071704,9.126782483791493,66.48
43,66,160905,85715,848556,384169,5.4369222083602144,6.004575496809684,11.27
44,64,27896,121435,70149,710270,6.45708028756576,10.091579655626026,16.91
57,68,184044,105742,31616,100417,4.308755500672412,5.246699545404871,0.82
44,65,69733,55475,751055,723611,6.121203684987591,9.06898431390628,39.29
36,56,61800,70142,190639,438638,7.146925750711873,7.206990747853351,11.61
25,60,116044,103526,697459,1070560,3.951684875475238,10.333083624587408,100.0
50,66,25347,61001,211903,1147888,7.5861029591243145,14.959936491006996,74.41
38,61,153715,67649,236318,202458,5.7677926633117895,13.005361051267476,22.21
35,66,60785,35711,853231,1141867,4.496160021505303,13.456420916244214,100.0
37,67,38681,40106,357365,803567,5.154291376911353,11.35264987359081,100.0
27,63,123864,75458,906311,534608,4.56095941893194,5.415598482722586,24.71
57,67,166964,140429,292623,1030462,6.62555579966658,7.067976760441441,6.92
30,57,67299,111754,968676,1545963,6.981503317075661,14.250645564470549,100.0
34,64,37073,148286,366309,687044,7.164686961593305,8.661131179287512,24.36
29,57,122304,136479,60863,983417,7.928841247928705,6.036367264807955,15.68
47,61,50682,146213,178115,1933782,6.9564214624834175,12.02405365866202,27.52
34,68,144302,38884,874001,425105,6.006920353442817,7.994577239342546,71.62
26,58,165361,12708,500654,1809785,4.696101491958919,7.688569129041717,100.0
37,67,135359,28375,508323,1418791,5.722977243553747,14.979774555582603,100.0
26,62,158999,25088,413624,1762835,3.205340863952027,13.581389250266543,100.0
44,67,199402,67615,782635,1313659,6.724125377649566,9.079378183678411,64.57
25,61,86707,120138,718340,1986850,5.229777725460509,14.80261207816499,100.0
33,59,85428,20014,283495,1013466,3.100116148660938,11.501132234192136,100.0
41,61,70601,144345,140203,644151,3.312534707552054,12.420224518797603,19.74
33,57,153611,112842,252908,51777,4.9373323191087835,5.315130430822116,1.6
35,66,131487,88077,836257,56250,5.917107595092175,6.216052593480571,5.68
39,56,173741,149784,802781,1918042,5.321019744760633,11.330851264962384,35.32
48,60,171716,62874,197003,901372,6.0960215864607745,13.99023982649484,30.06
59,56,169817,79087,835686,1360850,5.401471293956779,11.237437260875957,12.38
54,57,48228,22297,829657,485147,6.308519227406734,6.340248943189918,26.41
55,60,185593,37128,502599,1763282,4.095630323354005,6.157600462463247,32.32
29,59,142788,78368,279597,930041,3.564215935918107,13.441858958240816,100.0
38,62,117239,88958,679174,1798698,5.9821697731283,6.393023387079143,40.46
35,63,46928,42920,678623,25216,5.423447584681537,10.202319605040255,10.3
33,65,38322,143872,606982,356293,3.1343382702246765,5.3711331996230225,7.26
58,57,107896,143682,545023,537297,4.902409427465179,5.806697673911774,3.23
36,66,82292,87603,938334,886336,3.5306279274549777,11.723482676428649,100.0
59,64,49055,43872,839325,1743263,5.656784158763476,11.891814104275166,37.01
59,57,62891,20728,705033,155281,4.9788883983021535,8.414694066084424,17.56
25,57,101912,105102,918438,713803,6.06575955551509,7.156097652430447,29.48
46,67,157660,132049,749822,1597893,7.028011093851191,13.13710270757308,69.71
53,67,110536,30583,574354,1519405,4.498343419207454,7.171032294698904,62.41
32,60,26304,95774,760675,744803,7.8105105208251375,10.420270696663797,55.3
35,69,27345,148335,139445,198069,5.678172502937873,14.682088408629054,59.03
38,69,180372,136374,408551,1422891,6.09145399377394,6.478524378623838,31.68
54,55,175331,101118,946245,124456,6.4033618661286855,14.408762674947088,4.49
59,61,111006,75942,802124,1383279,6.333657649287948,6.828930530686686,13.06
45,66,166424,23689,969799,861324,5.554853715225311,10.674432080232297,100.0
29,55,149350,43276,574829,866841,5.143821455573418,8.770077119587446,79.79
43,68,184437,111968,170129,1984715,3.2689098208868894,14.649286015018259,100.0
38,59,39446,23050,596271,829497,3.110429226505899,7.735420290019369,82.47
50,69,22336,76216,679943,1825335,4.789805972663823,8.996580020857536,55.0
28,64,82032,94040,158837,392688,4.668304453168464,14.828601178554205,100.0
49,67,117852,31644,719647,1428060,4.938475774195034,10.364703911884732,100.0
49,62,158593,72021,946410,43783,3.69184100444095,10.026301156212535,6.35
42,58,174553,52291,912179,44152,6.6908413526842185,7.5777848820399125,8.4
32,59,38474,142610,876535,1641605,7.284822073881195,12.013635603104415,100.0
38,58,197832,51520,740035,1952057,7.693573176870175,5.143729517777777,49.03
56,66,75718,35675,182597,454718,5.461811517598129,5.495126297022935,11.2
57,66,64629,10174,698590,1611956,6.504328495627143,10.993585871358027,100.0
47,68,65232,102268,417736,158725,7.277755617179363,8.416745738184542,5.23
39,58,106544,44998,483454,501215,5.09145555546743,14.533163722009606,65.61
57,66,70669,115410,450150,1813500,4.547063974352222,14.031906907227857,22.97
49,62,89184,85225,292710,181541,7.68362277926745,12.137062586767073,5.37
41,56,199017,54814,864625,1837000,5.578382755385365,13.181455811278013,96.03
57,55,33140,95091,501440,1407203,5.48626943295439,11.673318496676934,9.08
26,57,146468,60719,428350,918017,3.892080482817479,6.255821027101607,44.27
38,63,103457,139887,408561,331898,3.5407750728667837,12.655433696892027,20.66
30,58,34357,43919,781372,695338,7.2105343124175585,7.101919687188464,52.46
30,64,131672,83155,650303,1146168,6.07066588093759,8.234428551001969,87.9
27,59,88673,81569,177257,1415263,4.6291229200972435,13.192342121024202,100.0
31,56,141673,51328,775824,53169,3.9586810869513323,10.365256083934483,11.38
32,58,85633,34618,229021,1500079,5.777486400848157,13.599407141834092,100.0
39,56,116111,44675,660244,64745,5.919596446305677,7.130353198432642,8.11
53,69,98258,28919,600032,1693032,4.034968006225291,11.077784386068872,100.0
57,56,163996,14173,300599,648273,7.25702873945737,5.837909725482616,29.01
54,58,89286,119369,513433,1048347,3.4213218307792554,11.430609935400296,7.43
51,60,113269,36400,950522,1850551,4.780465425832109,12.625340377755347,72.64
53,61,94071,80305,321363,1770328,6.401922068812611,10.849308939787218,22.61
57,64,50651,98791,837423,31067,4.370601819096003,7.662315014988103,3.75
51,57,90202,80533,602904,61033,7.138375973906359,5.313426688588667,3.55
57,57,68777,113591,616726,55256,6.6993391330020176,6.194488839642858,2.48
28,64,168066,141060,121841,755993,6.945114222740671,11.223029790740263,100.0
46,60,87263,49194,669846,249455,3.5955326793835813,14.344202168425138,19.47
26,67,120158,119903,174934,512264,3.7027356399777145,7.065344039720064,29.85
34,66,30800,141461,782022,1258993,4.432368688722918,12.350261491050988,100.0
29,57,57823,109303,588158,949695,5.590385825987806,13.664510632490416,100.0
34,67,83878,123903,91694,96803,6.740080383497012,10.208821784475111,8.36
57,56,38708,77391,242068,1262390,7.182654453804517,11.692657958436577,8.89
37,62,163891,68002,835288,128843,6.521676579785902,13.15015316676148,22.44
55,59,83870,45531,106407,489809,7.642984407653191,7.6067515774059355,6.98
48,69,29283,14986,498960,563280,6.693717548079651,7.9689567426804295,92.23
39,55,181645,42298,560667,1271179,4.531339435023074,5.006275166284562,32.88
53,57,98707,11481,856161,583091,4.325406421692863,14.630941308978025,67.61
32,64,182005,66408,426594,1430695,6.480962251505449,14.175448945963447,100.0
29,62,25774,131950,241500,1777413,3.9643528434480713,12.645682637594303,100.0
53,58,162055,135355,583641,154282,3.4635740540513495,5.790760209766481,2.43
28,68,116468,37798,710356,486545,5.661114374280969,9.47502889699508,100.0
36,61,116334,101649,805463,1084846,7.108207848894777,6.018917539715528,22.47
26,64,38133,74887,216144,1513800,3.5068992123493175,5.159202672627986,58.17
51,66,166011,29477,595270,1981277,6.959456618978646,11.161829652125974,100.0
55,68,20781,137815,41683,1827793,7.05786002175774,14.608294170801884,32.65
50,68,134586,137426,119091,541740,5.411370000407718,14.0286802343215,17.81
51,56,47624,34335,122797,1362206,3.286551550052434,11.967548149354045,30.58
29,61,26823,96610,415834,1073435,3.8729492562359322,5.966405841648714,31.37
44,59,38489,21442,535875,954740,6.537131375809661,7.7416403767230015,67.19
35,59,191033,56289,329934,959403,6.5588897249547475,8.20056726885291,49.53
34,60,49118,63747,298624,1614947,7.4917763758383265,12.631500577455611,100.0
30,67,120417,47327,758890,1912716,5.913430732772914,13.02249179235114,100.0
32,63,101816,82827,680887,1170038,3.6205368385688868,8.851061229899205,85.01
47,68,173335,116464,290713,1206311,3.6070745275248606,9.178839966176096,28.33
50,60,33565,141184,802583,1938084,6.605661786784118,5.445090392761713,12.09
36,66,171426,97051,469310,259737,3.918923325539506,7.89136718418761,12.9
50,67,194023,69722,195246,1339773,4.641927498083026,9.5128517717764,38.69
37,69,111179,102036,574027,152157,5.43606003460957,6.169830463852576,6.56
42,68,43648,76960,562242,1410465,3.123824387880756,9.532674607550213,84.52
49,62,61971,29552,773223,200167,4.244095135099659,13.531758122578005,25.6
57,61,38658,10887,114373,603805,5.0394480425364,10.813210197250534,39.22
36,63,41253,41802,957807,1735089,4.398181592466031,5.789298550384123,88.59
28,58,199635,95024,563988,1194895,3.681851637337829,6.916713188302744,41.44
29,56,177462,128639,128728,938057,6.640061288980987,9.745443501585562,37.83
32,61,108664,128248,990072,1472603,7.065738275839925,8.614871498218122,55.77
52,60,123850,91938,858220,1285029,4.287394880718624,8.587270195460988,15.15
55,55,183730,132746,600333,933639,6.872097473031516,10.292674481435903,5.12
33,65,157924,36049,436058,146645,4.927767822006569,10.843959215894575,50.74
53,63,153623,87789,674260,1570611,5.533428954270014,12.96861570276191,28.43
38,63,91947,94526,919424,1052092,7.280005374465764,8.409665634624847,38.97
46,66,81001,148918,871491,1662131,6.74976840901204,13.054662830405867,56.55
35,56,142775,56220,531169,1196837,7.025584256580888,8.386112291126326,52.06
47,57,53243,56163,955541,352221,3.684225832931784,5.5543298894123385,11.58
25,59,172872,144837,924134,446862,3.348597129168647,10.541876510047912,41.47
45,59,95939,127126,812221,348767,7.4670236454399355,10.879023248948146,7.51
50,69,77828,91486,393227,1189580,4.9391713478554715,14.3454024562186,70.97
47,55,158311,85277,93059,1563763,4.439398390348404,12.260613260624744,19.73
25,62,26710,114245,743854,63687,6.623481271309123,14.177726524944395,34.08
39,66,172456,132332,837583,864744,7.182077982899283,14.083472102430095,98.14
45,62,172110,32931,447136,1166191,7.312448109491505,11.045741102582422,93.25
33,58,191918,99116,638676,403120,4.579985705626137,10.277620653364476,22.24
33,67,57991,65633,203303,561852,7.26106195600837,10.574409671636,100.0
34,61,158043,61913,516162,1873843,3.204669721871727,14.783308076772478,100.0
50,69,180211,104776,478573,989091,3.248307457298594,12.731676917469589,40.24
59,69,105445,35991,270406,541985,6.117595975870772,6.062659047923958,14.43
49,65,100257,114092,334125,614453,3.3155318455777314,12.784284067814,16.6
50,64,57711,105556,912383,1787858,4.623045842550807,6.705380488982259,21.11
35,57,26530,72875,914531,944550,6.36377993123462,9.473505490056256,44.79
26,60,31116,72120,86972,592111,4.686334480271132,7.1045967217653425,35.79
31,68,85794,143060,342629,543903,3.8979989072004795,11.895830655332297,100.0
42,64,151354,120041,59722,516554,4.406753109269208,13.773097361930356,30.86
51,67,152970,138467,880931,1981140,5.2878766612521595,7.90361885366681,22.79
58,64,24135,128490,186890,926931,5.376929276777412,5.820107412081876,4.83
51,66,157701,136155,952436,610724,6.91500115673601,7.984930980749633,8.83
41,68,129472,38230,274045,1774455,6.750766147157563,11.723618579321943,100.0
48,63,145147,69778,122473,1441282,5.284089022780676,8.2876012755445,29.14
49,55,109087,55833,497239,867549,7.228336745493857,7.781121675538034,13.86
31,59,53380,32625,275741,569070,3.571185692956979,6.844351905842649,49.91
30,58,149951,42088,396775,1137109,4.276766751144507,9.975164268744336,100.0
48,62,37071,113937,528260,250011,7.139882317511257,7.759488281571876,4.53
57,65,40074,86361,855341,1247903,4.8899701931307655,12.31010349139483,19.37
53,66,87843,98229,863823,1563744,7.905907793969211,5.766224019922027,17.41
46,55,59901,145189,744574,82684,5.331266407639177,11.640330331113176,2.78
50,63,31205,100265,930767,1508710,6.9596781148188205,7.375600145677699,19.68
52,60,144661,107718,330437,1840029,5.0115352069118595,9.892792610516032,16.42
45,58,25906,70710,773184,1798220,5.124767595312152,7.860899220312606,32.89
31,66,153663,104876,161877,1924566,4.914415736420917,12.227686760107957,100.0
41,63,145576,40949,489895,1275197,6.595378102554059,14.453070402516367,100.0
44,65,82987,78136,541162,1293871,5.737589420299972,14.170767794698133,100.0
44,59,100685,121541,753425,1926430,7.7188905568418456,10.83426215144091,33.48
46,69,130454,71842,877834,785723,4.254451582670524,9.626103032569784,42.82
52,59,125487,36990,805511,1840288,3.502813660417222,13.183005094393819,58.4
31,66,74400,40109,448066,957509,4.966307425496076,11.833263626277299,100.0
25,59,176222,140356,339923,1851646,6.08356353823388,6.835641142169329,53.06
56,55,51852,138133,624696,1882427,7.303994684577475,13.209192136130003,8.31
37,55,193942,11306,931522,1616241,4.730984433401638,9.288843893947103,100.0
54,62,72756,13849,649894,1689108,6.268933755622308,6.889856599711751,100.0
47,66,135357,22360,972004,1757052,4.750993405116095,7.817973503964924,100.0
43,62,139052,121072,125062,964138,6.0860979149722905,7.6752703024834235,13.95
56,66,76481,104767,17100,747651,7.424039735153254,10.192069746034601,7.92
54,69,21283,64330,324165,1606246,4.156788211297045,7.343700906778755,32.22
53,69,53691,61707,680160,1829239,5.021208210535196,6.235664874015762,37.11
53,60,152197,28689,395270,721423,7.966325982148732,6.236908506137607,21.74
54,66,46170,39084,199472,163466,7.342785141247304,10.832761971390966,8.11
40,65,28438,50387,883878,1912797,5.82319928948101,12.347592888493786,100.0
43,67,40095,84816,820869,244318,5.583137959271377,8.215330088383407,12.02
42,58,167226,12642,239196,382778,4.423001911523405,5.3465070981401706,36.91
25,56,159076,52137,212609,141936,5.586047138467647,6.272248869370108,9.18
38,68,29752,72260,969179,1944580,7.240907491399736,14.146945603370572,100.0
26,56,75426,58442,680302,967726,6.425872566388903,9.93543659589453,100.0
52,63,46819,113061,288006,1989746,4.4502201408899325,9.535728096151747,21.03
54,69,112051,144066,278813,657952,4.007319605267664,5.38049178310091,4.98
28,59,175289,135844,912651,686315,4.326042684984145,12.28637022316899,79.26
25,58,52994,109575,714132,382818,3.8487960069641325,10.280680809320788,39.49
32,64,166108,11813,807348,1162109,3.4782034801185797,7.020809360865208,100.0
53,67,117756,103027,278022,878277,5.095680872210275,6.100737601810572,9.26
27,55,160659,133489,794417,1306573,3.5664980219913387,8.833878636319985,46.12
56,61,115665,94381,496121,1128166,3.8595627886355217,13.371619641950257,11.52
34,57,151717,65276,209720,1448495,5.736623421697431,13.652945592010244,100.0
34,60,182002,51243,570523,338615,3.822996368497874,11.028463803956363,46.44
43,59,101835,70272,286075,1562268,3.3193988371545142,12.275364272301427,60.76
58,59,142232,75618,97876,491530,4.586944250139426,6.151557874028704,3.41
57,65,181162,11920,529624,1574371,4.101595493109837,10.881260654678549,100.0
47,59,177547,116121,834365,1364018,5.576525939971884,11.669657034871818,21.4
52,55,169960,86872,312680,1514900,3.5118354229160467,7.007128429137922,10.4
56,55,63732,91132,598792,1303512,6.758853938414891,13.80154732910259,9.52
31,57,66305,12093,628502,1631788,7.531167597175693,6.949967375210198,100.0
53,68,197109,22905,187220,419925,6.717175869780972,8.134773598464504,28.1
32,66,29346,131759,118936,1068302,5.664135187006972,11.205568470234585,100.0
25,64,20587,40981,21279,201896,7.303339108944425,11.383500651307308,100.0
27,58,32763,83903,204737,1099118,6.474591898907537,11.993847409873673,100.0
48,59,89615,80821,108751,423461,3.0527556122509494,6.120117130682057,4.76
47,56,187188,119200,371577,1093329,4.970450763872515,13.494644299285554,13.24
32,62,140987,92289,76386,876220,7.254759497034001,10.328471322832598,75.83
27,65,111353,126506,91124,293460,4.729294289876346,9.713217941050683,33.04
57,65,115648,88513,372894,243979,3.1760758676276177,14.810976245135096,5.22
52,68,45556,148746,868917,618986,6.730898192761361,12.403782969410198,13.69
32,56,79042,60516,341199,288104,7.010191351414343,6.180060266193749,10.71
58,63,38099,79212,96911,1089367,3.802968475216543,12.565391672262407,10.87
59,56,129089,143498,890050,1035270,5.686702484215906,5.952489339728695,5.77
56,67,196168,140970,475489,297360,3.9597771949786287,5.274705625129848,2.95
48,63,164302,100009,727030,1385147,6.596172095220734,9.036258952698972,24.15
38,61,180081,54816,998978,1957478,4.357752275887428,14.935781728192186,100.0
56,69,53866,14138,452244,607578,4.58107561281665,6.748839361948626,55.18
40,62,125400,101176,226094,581302,7.224854268200507,11.7264434352679,28.38
28,69,104246,85945,381036,145150,5.381611761034522,6.733960662061193,12.03
45,65,96975,14017,242723,1005893,6.348772256091239,12.24786974958386,100.0
38,56,192927,20451,338272,1109095,5.0118652536123385,10.053536682378262,100.0
55,61,101557,103863,416324,1849050,4.490034285968777,11.799717100893762,16.16
42,66,157488,20278,843927,583340,6.127390302123307,7.028731759142346,78.53
31,60,92516,53764,87806,1072965,3.7742878703941063,12.45628332520502,100.0
34,58,169130,133030,884617,368105,4.864999177834315,14.956190596227067,35.47
31,61,191790,142206,736893,1650975,4.045185186929611,11.656505006259597,100.0
57,68,52602,72943,235097,1950066,6.4789748347037275,9.934799980728776,32.92
47,67,178588,105667,979334,890147,7.721044191730538,14.231739886192647,54.1
45,58,149295,64318,997144,847165,7.977554840079332,5.158518422318763,17.01
43,56,107969,113423,975013,1879762,5.251384052207953,12.29923519285821,34.78
43,64,152161,113998,202478,1994704,4.2626519481822225,13.887465168138128,100.0
53,66,188418,70128,492436,882318,5.214146851921621,5.616745836209574,13.59
42,61,161559,31869,699879,1216329,7.236347049813619,9.500641704157582,98.36
26,62,20155,15039,316793,1672388,4.030028392760199,7.047194539499989,100.0
25,56,143950,122935,694884,353150,7.760478258264619,10.6651816558783,30.05
29,59,87494,20442,494709,1869712,4.709328843990755,11.495429586036606,100.0
44,55,96229,83788,694245,1556064,7.929018297251525,8.02623182928755,21.54
35,61,124648,129729,442585,1153489,7.193044437669811,9.599816696781009,41.58
26,62,58547,37586,237204,628396,7.042852670736952,7.793394852765595,100.0
27,67,48795,63053,362546,789091,4.589523368866418,8.693911644551138,100.0
47,60,41447,96346,822108,279637,3.0438860597396475,6.595399566884236,6.33
36,59,187670,77087,855525,79639,4.910664544129939,13.855594435856315,13.14
44,69,192886,44397,445980,1290028,4.509046848313469,5.100104105591364,46.17
29,60,107960,68671,186871,1375103,3.1869849520439866,13.824091864437886,100.0
54,69,83278,126214,346558,1716930,5.526826282529648,10.716788783497385,27.24
33,56,75077,76897,503512,1783216,5.015156556413683,8.316578441770176,63.41
58,55,132782,146355,360239,319378,6.1727823387076235,12.230571254603298,2.05
59,61,122932,148682,772442,974795,6.105931610970416,10.077521518626643,5.47
46,61,160600,24924,601595,1711538,3.6037331794834007,9.991086581076065,100.0
48,64,129869,123143,480278,496084,7.884827730633113,6.101422829189664,5.95
41,65,159251,120253,886864,1588458,3.9346571472072345,8.895160259454087,45.62
34,64,68781,110297,299067,1819771,5.226370123823523,7.410643458567367,59.83
54,68,175024,10869,384593,279515,5.4405877171686745,5.156959055962797,36.41
47,56,73798,107088,499955,1630179,7.065313986070601,8.600996307821132,15.27
56,56,118696,11014,240998,1797500,3.496147980473234,5.8982212942560475,81.13
41,55,70939,20103,476604,1710115,5.143221396042659,7.568300377251852,100.0
41,64,49516,120317,839006,242520,6.14251085118102,5.925166211830945,6.06
